-- B5W2 Bank Reviews — SQL Dump
-- Generated: 2026-03-22 04:56:05
-- DuckDB v1.3.2

CREATE TABLE banks (bank_id INTEGER PRIMARY KEY, bank_name VARCHAR NOT NULL, app_id VARCHAR NOT NULL, known_rating DOUBLE);

CREATE TABLE topics (topic_id INTEGER PRIMARY KEY, topic_name VARCHAR NOT NULL, topic_size INTEGER, keywords VARCHAR);

CREATE TABLE reviews (review_id VARCHAR PRIMARY KEY, bank_id INTEGER REFERENCES banks(bank_id), topic_id INTEGER REFERENCES topics(topic_id), review VARCHAR, rating INTEGER, date DATE, helpful_count INTEGER, language VARCHAR, sentiment_label VARCHAR, sentiment_score DOUBLE, low_confidence BOOLEAN, is_short_review BOOLEAN, developer_replied BOOLEAN, topic_name VARCHAR, topic_prob DOUBLE, source VARCHAR, review_lemma VARCHAR);

INSERT INTO banks VALUES (1, 'BOA', 'com.boa.boaMobileBanking', 2.8);
INSERT INTO banks VALUES (2, 'CBE', 'com.combanketh.mobilebanking', 4.4);
INSERT INTO banks VALUES (3, 'Dashen', 'com.dashen.dashensuperapp', 4.0);

INSERT INTO topics VALUES (-1, 'Uncategorized', 0, 'outlier');
INSERT INTO topics VALUES (0, 'General App Complaints', 275, '0_the_to_banking_app');
INSERT INTO topics VALUES (1, 'General Banking Experience', 267, '1_it_not_working_app');
INSERT INTO topics VALUES (2, 'Dashen Super App Feedback', 208, '2_app_very_it_and');
INSERT INTO topics VALUES (3, 'Speed and Convenience', 206, '3_good_easy_very_it');
INSERT INTO topics VALUES (4, 'Positive General Feedback', 133, '4_dashen_super_bank_and');
INSERT INTO topics VALUES (5, 'Amharic Reviews', 54, '5_ethiopia_in_ethiopian_bank');
INSERT INTO topics VALUES (6, 'Developer Options and Settings', 43, '6_ነው_በጣም_ግን_አፕ');
INSERT INTO topics VALUES (7, 'PIN and Keyboard Issues', 40, '7_developer_off_options_option');
INSERT INTO topics VALUES (8, 'General Positive Feedback', 34, '8_the_pin_keyboard_update');
INSERT INTO topics VALUES (9, 'CBE Specific Feedback', 29, '9_bank_best_charge_trust');
INSERT INTO topics VALUES (10, 'Amharic Complaints', 27, '10_worst_ever_app_seen');
INSERT INTO topics VALUES (11, 'Topic 11', 24, '11_cbe_app_the_is');
INSERT INTO topics VALUES (12, 'Topic 12', 24, '12_application_good_very_amazing');
INSERT INTO topics VALUES (13, 'Topic 13', 21, '13_boa_this_app_with');
INSERT INTO topics VALUES (14, 'Topic 14', 17, '14_አይሰራም_በጣም_ለምንድነው_መሆንሁ');
INSERT INTO topics VALUES (15, 'Topic 15', 16, '15_amole_otp_it_is');

-- Reviews sample (500 rows — full data in bank_reviews.duckdb)
INSERT INTO reviews VALUES ('34115524-a7e4-4f0a-b1d9-d1c1894d3b90', 2, -1, 'mobayelbanekgng', 5, '2026-03-21', 0, 'tl', '', NULL, FALSE, FALSE, FALSE, '', NULL, 'Google Play', '');
INSERT INTO reviews VALUES ('ee70f343-8b30-4354-9225-a1a2d7e96c38', 2, -1, 'vibe', 4, '2026-03-21', 0, 'lv', '', NULL, FALSE, TRUE, FALSE, '', NULL, 'Google Play', '');
INSERT INTO reviews VALUES ('7d3f7f6a-7075-4d17-9ce4-c68e10508eaa', 2, -1, 'Tajajilli keessan dubati Hafadha አገልግሎታችሁን ዱባቲ ሀፋድህን አቆይ Your service will stay behind', 1, '2026-03-21', 0, 'et', '', NULL, FALSE, FALSE, FALSE, '', NULL, 'Google Play', '');
INSERT INTO reviews VALUES ('d07e2804-de78-49a9-a73e-24612e86b874', 2, -1, 'best app i like it', 5, '2026-03-20', 0, 'no', '', NULL, FALSE, FALSE, FALSE, '', NULL, 'Google Play', '');
INSERT INTO reviews VALUES ('c16f4d45-4e69-43f9-9203-b16d8b7a6692', 1, 3, 'very good appreciation trusted', 5, '2026-03-20', 0, 'en', 'positive', 0.9493, FALSE, FALSE, FALSE, 'Speed and Convenience', 1.0, 'Google Play', 'appreciation trust');
INSERT INTO reviews VALUES ('4c1ebf7f-b18b-4ce2-990c-70a55af4970f', 1, 6, 'ቤጣም ጥሩ ነው ግን ኖ ፍጥነት ብዙ ስታክ ኦኬ', 5, '2026-03-20', 0, 'unknown', 'neutral', 0.7592, FALSE, FALSE, FALSE, 'Developer Options and Settings', 0.6488, 'Google Play', 'ቤጣም ፍጥነት ስታክ');
INSERT INTO reviews VALUES ('a0bb1280-04fd-4e3c-8242-728cd9ad0d58', 2, -1, 'it is really very poor application. i''ve ever experienced.', 1, '2026-03-20', 0, 'en', 'negative', 0.9462, FALSE, FALSE, FALSE, 'Uncategorized', 0.0, 'Google Play', 'poor application experience');
INSERT INTO reviews VALUES ('5d863609-c7e8-4dcc-8dd1-4dd4e354e18b', 2, 6, 'ገላግሌ ብየዋለው ጥድት ያለ አፕ', 5, '2026-03-20', 0, 'unknown', 'neutral', 0.7632, FALSE, FALSE, FALSE, 'Developer Options and Settings', 0.3739, 'Google Play', 'ገላግሌ ብየዋለው ጥድት');
INSERT INTO reviews VALUES ('c431d0dc-49fa-40a4-8191-062c7fdb5c88', 1, 3, 'simple and fast', 5, '2026-03-20', 0, 'en', 'positive', 0.5617, TRUE, FALSE, FALSE, 'Speed and Convenience', 1.0, 'Google Play', 'simple fast');
INSERT INTO reviews VALUES ('5e708cce-69b7-450d-9483-a7f2fd282d17', 1, 2, 'awesome and fast app it uses to do my work easier..🥰', 5, '2026-03-20', 0, 'en', 'positive', 0.9866, FALSE, FALSE, FALSE, 'Dashen Super App Feedback', 1.0, 'Google Play', 'awesome fast work easy');
INSERT INTO reviews VALUES ('79488558-3eea-4cb2-8fff-4c95b6b9bd5b', 2, -1, '🆗 g', 5, '2026-03-19', 0, 'cy', '', NULL, FALSE, TRUE, FALSE, '', NULL, 'Google Play', '');
INSERT INTO reviews VALUES ('6d2e0b19-ee1c-464e-92da-8a3878a6a77e', 1, -1, 'happy', 4, '2026-03-19', 0, 'fi', '', NULL, FALSE, TRUE, FALSE, '', NULL, 'Google Play', '');
INSERT INTO reviews VALUES ('9954a863-cf04-49b4-9bbc-01d2d643502e', 1, 13, 'Secured and rely on BOA.', 4, '2026-03-19', 0, 'en', 'neutral', 0.847, FALSE, FALSE, FALSE, 'boa | this | app | with', 1.0, 'Google Play', 'secure rely');
INSERT INTO reviews VALUES ('1d3b00e1-ed77-4771-ae4b-b99616edfa3c', 2, -1, 'nice app', 4, '2026-03-19', 0, 'it', '', NULL, FALSE, TRUE, FALSE, '', NULL, 'Google Play', '');
INSERT INTO reviews VALUES ('edff7faf-b934-4fe1-b2c8-e09d9969b7c0', 1, 0, 'The worst banking app ever. When I toggle the balance button it shows session expired. I can''t even check balance😔', 1, '2026-03-19', 0, 'en', 'negative', 0.938, FALSE, FALSE, FALSE, 'General App Complaints', 1.0, 'Google Play', 'bad toggle balance button show session expire check balance');
INSERT INTO reviews VALUES ('74ea6412-b96d-453d-9f32-c2288eeff6c8', 2, -1, 'wow ✌️', 5, '2026-03-19', 0, 'pl', '', NULL, FALSE, TRUE, FALSE, '', NULL, 'Google Play', '');
INSERT INTO reviews VALUES ('ea7332f7-f713-443a-9fed-2f623a7fd4df', 2, 2, 'Perfect App', 5, '2026-03-19', 0, 'en', 'positive', 0.9253, FALSE, FALSE, FALSE, 'Dashen Super App Feedback', 1.0, 'Google Play', 'perfect');
INSERT INTO reviews VALUES ('c0013711-a9c4-4ac9-8124-72bc0b20841f', 2, 3, 'EASY & SIMLPE TO MANIPULATE. COGRATS !!', 4, '2026-03-19', 0, 'en', 'positive', 0.9759, FALSE, FALSE, FALSE, 'Speed and Convenience', 1.0, 'Google Play', 'easy simlpe manipulate cograt');
INSERT INTO reviews VALUES ('5a954f00-75f7-4b43-9986-74bdd9c588fd', 2, -1, 'zewediesh', 4, '2026-03-19', 0, 'de', '', NULL, FALSE, TRUE, FALSE, '', NULL, 'Google Play', '');
INSERT INTO reviews VALUES ('cf575ba2-ee28-4c66-9f8c-60c988dad388', 1, -1, 'very nice app u love it', 5, '2026-03-19', 0, 'cs', '', NULL, FALSE, FALSE, FALSE, '', NULL, 'Google Play', '');
INSERT INTO reviews VALUES ('f816839a-36b8-4b5a-b5af-21f1913111ea', 1, -1, 'good to use', 5, '2026-03-18', 0, 'so', '', NULL, FALSE, FALSE, FALSE, '', NULL, 'Google Play', '');
INSERT INTO reviews VALUES ('cca8213e-bd66-486c-bef9-966082148c89', 2, 0, 'the best app of mobile banking', 5, '2026-03-18', 0, 'en', 'positive', 0.9637, FALSE, FALSE, FALSE, 'General App Complaints', 1.0, 'Google Play', '');
INSERT INTO reviews VALUES ('b0dc597b-5309-459e-9320-fcf9332691ec', 1, 14, 'አቢሲኒያ የሁልጊዜም ምርጫዬ', 5, '2026-03-18', 0, 'unknown', 'neutral', 0.7663, FALSE, FALSE, FALSE, 'አይሰራም | በጣም | ለምንድነው | መሆንሁ', 0.9822, 'Google Play', 'አቢሲኒያ የሁልጊዜም ምርጫዬ');
INSERT INTO reviews VALUES ('60e4f94a-ce7a-4847-ac8c-167d5d31c779', 2, 9, 'the bank You can always relay on!', 5, '2026-03-18', 0, 'en', 'neutral', 0.4982, TRUE, FALSE, FALSE, 'CBE Specific Feedback', 1.0, 'Google Play', 'relay');
INSERT INTO reviews VALUES ('60ac77c7-0bb8-4343-bbd1-c42903eedd6d', 2, -1, 'good', 1, '2026-03-18', 0, 'so', '', NULL, FALSE, TRUE, FALSE, '', NULL, 'Google Play', '');
INSERT INTO reviews VALUES ('46c5493b-5fda-449e-94e8-4c4e075f0fff', 2, -1, 'ok', 5, '2026-03-18', 0, 'sk', '', NULL, FALSE, TRUE, FALSE, '', NULL, 'Google Play', '');
INSERT INTO reviews VALUES ('0e927c17-7dbb-474f-9051-9f9ed133c954', 2, -1, 'ዝም ብሉ ይዞራል 😡😡😡', 3, '2026-03-18', 0, 'unknown', 'negative', 0.6076, TRUE, FALSE, FALSE, 'Uncategorized', 0.0, 'Google Play', 'ይዞራል');
INSERT INTO reviews VALUES ('bfe58ba2-47aa-465d-a20d-155b0881e459', 1, -1, 'excellent!', 5, '2026-03-18', 0, 'ca', '', NULL, FALSE, FALSE, FALSE, '', NULL, 'Google Play', '');
INSERT INTO reviews VALUES ('ab97e88f-949d-4afa-8d55-1d3550cfc1b4', 1, -1, 'amazing app ever', 5, '2026-03-17', 0, 'it', '', NULL, FALSE, FALSE, FALSE, '', NULL, 'Google Play', '');
INSERT INTO reviews VALUES ('96e99b1d-3f4e-493a-81d8-e24d64fe9917', 1, 1, 'It did not work at all for me', 1, '2026-03-17', 0, 'en', 'negative', 0.8502, FALSE, FALSE, FALSE, 'General Banking Experience', 1.0, 'Google Play', 'work');
INSERT INTO reviews VALUES ('8ce5bc53-8178-4f0b-9582-a3cfc8097d54', 2, -1, 'it cant accomidate more than 2 accounts,every time i subscribe for my 3r account it vanish.', 3, '2026-03-17', 0, 'en', 'negative', 0.8025, FALSE, FALSE, FALSE, 'Uncategorized', 0.0, 'Google Play', 'not accomidate account subscribe account vanish');
INSERT INTO reviews VALUES ('081b9544-d83a-4bef-9d57-ad93d12783ba', 2, 0, 'This app is by far one of the useless apps. It keep on sating can''t sync and unable to do transfers. please for God sake fix it', 1, '2026-03-17', 0, 'en', 'negative', 0.9601, FALSE, FALSE, FALSE, 'General App Complaints', 1.0, 'Google Play', 'far useless sate sync unable transfer god sake fix');
INSERT INTO reviews VALUES ('b0358f77-2bc6-47c9-ad06-b62de8987b08', 2, 3, 'very interesting', 5, '2026-03-17', 0, 'en', 'positive', 0.8337, FALSE, FALSE, FALSE, 'Speed and Convenience', 1.0, 'Google Play', 'interesting');
INSERT INTO reviews VALUES ('609a8624-b6e0-4dc3-a9ed-9a251c5ea131', 2, -1, '10Q U', 5, '2026-03-17', 0, 'so', '', NULL, FALSE, TRUE, FALSE, '', NULL, 'Google Play', '');
INSERT INTO reviews VALUES ('5d96c81d-0994-4130-9222-33dc940ad960', 2, 1, 'it''s so disgusting my phone is s9+ android of 8/9 and this application still doesn''t work for my phone fix it sooner as possible !', 1, '2026-03-17', 0, 'en', 'negative', 0.9463, FALSE, FALSE, FALSE, 'General Banking Experience', 1.0, 'Google Play', 'disgusting phone android 8/9 application work phone fix soon possible');
INSERT INTO reviews VALUES ('0adc215d-c5a2-42e4-a33d-d53eb5255472', 1, -1, 'v.good', 5, '2026-03-17', 0, 'sl', '', NULL, FALSE, TRUE, FALSE, '', NULL, 'Google Play', '');
INSERT INTO reviews VALUES ('f58f914c-0ffb-4628-85f9-bf8a1b437f91', 1, 13, 'the BoA is the smartest app', 5, '2026-03-17', 0, 'en', 'positive', 0.9156, FALSE, FALSE, FALSE, 'boa | this | app | with', 1.0, 'Google Play', 'smart');
INSERT INTO reviews VALUES ('37e22804-5a4f-41af-a915-8e1fe824b423', 1, 1, 'it is slow app pls update more', 5, '2026-03-17', 0, 'en', 'negative', 0.9078, FALSE, FALSE, FALSE, 'General Banking Experience', 1.0, 'Google Play', 'slow pls update');
INSERT INTO reviews VALUES ('f0660042-ece9-4c99-904f-b3dbd6911219', 1, 1, 'All problems are fixed now , easy to use recommended.', 5, '2026-03-17', 27, 'en', 'positive', 0.786, FALSE, FALSE, FALSE, 'General Banking Experience', 1.0, 'Google Play', 'problem fix easy recommend');
INSERT INTO reviews VALUES ('6f7469d0-92a9-4c1b-a681-7d05865f2c73', 1, -1, 'amazing 😄 service I appreciate it', 5, '2026-03-17', 0, 'it', '', NULL, FALSE, FALSE, FALSE, '', NULL, 'Google Play', '');
INSERT INTO reviews VALUES ('39c77552-ecde-49f4-a8f0-7e6ec8c5c777', 1, -1, 'Wow!!', 5, '2026-03-17', 0, 'pl', '', NULL, FALSE, TRUE, FALSE, '', NULL, 'Google Play', '');
INSERT INTO reviews VALUES ('4d566296-4a24-4bbd-9c34-5d1ea6b165ed', 1, -1, 'Thanks bank of Abisiniya', 5, '2026-03-17', 0, 'so', '', NULL, FALSE, FALSE, FALSE, '', NULL, 'Google Play', '');
INSERT INTO reviews VALUES ('030395b6-8973-46bc-af95-d79fa6fb7fec', 1, 12, 'very excellent and truth application.', 5, '2026-03-17', 0, 'en', 'positive', 0.95, FALSE, FALSE, FALSE, 'application | good | very | amazing', 1.0, 'Google Play', 'excellent truth application');
INSERT INTO reviews VALUES ('a2b3affe-c1e1-4108-a35d-ab409d38bc65', 3, -1, 'amaizing app', 5, '2026-03-17', 0, 'tl', '', NULL, FALSE, FALSE, FALSE, '', NULL, 'Google Play', '');
INSERT INTO reviews VALUES ('09ea6149-89ce-49f0-9dc2-90955569d5aa', 1, -1, 'good ap', 5, '2026-03-17', 0, 'cy', '', NULL, FALSE, TRUE, FALSE, '', NULL, 'Google Play', '');
INSERT INTO reviews VALUES ('4e61715f-d0e9-4bbd-8421-f40d7b4b7f0c', 1, 12, 'Very nice application', 5, '2026-03-17', 0, 'en', 'positive', 0.9462, FALSE, FALSE, FALSE, 'application | good | very | amazing', 1.0, 'Google Play', 'application');
INSERT INTO reviews VALUES ('579c6c3c-c798-401a-a9d2-f2d879cb5cd9', 2, 1, 'Why does this welcome notification appear every time the app is opened? It doesn’t add value in its current form, so please consider removing it. Alternatively, you could adjust it to appear only occasionally.', 4, '2026-03-17', 0, 'en', 'negative', 0.8468, FALSE, FALSE, FALSE, 'General Banking Experience', 0.7481, 'Google Play', 'welcome notification appear open add value current form consider remove alternatively adjust appear occasionally');
INSERT INTO reviews VALUES ('22e5506e-0a34-4fa2-8e9a-e5d95c838a16', 1, -1, 'besat🥰', 4, '2026-03-17', 0, 'id', '', NULL, FALSE, TRUE, FALSE, '', NULL, 'Google Play', '');
INSERT INTO reviews VALUES ('a7bfeb33-54ff-47a1-a83c-46d84f7fb6c3', 3, -1, 'best option', 5, '2026-03-16', 0, 'da', '', NULL, FALSE, FALSE, FALSE, '', NULL, 'Google Play', '');
INSERT INTO reviews VALUES ('b158b82f-2480-410c-bce9-f745033367ee', 1, 12, 'Very excayeted and degjetalization more accecing to any markate enabled servece also hamble so more atande', 4, '2026-03-16', 0, 'en', 'positive', 0.9149, FALSE, FALSE, FALSE, 'application | good | very | amazing', 0.2703, 'Google Play', 'excayeted degjetalization accece markate enable servece hamble atande');
INSERT INTO reviews VALUES ('2fd9e098-3be1-4750-9e9f-86e6098bcfbb', 2, 0, 'it can''t showed transaction history perfectly', 1, '2026-03-16', 0, 'en', 'negative', 0.7017, FALSE, FALSE, FALSE, 'General App Complaints', 0.9824, 'Google Play', 'showed transaction history perfectly');
INSERT INTO reviews VALUES ('3f191497-fcbe-44dc-91d6-5acaeb76eb16', 2, -1, 'Nice', 5, '2026-03-16', 0, 'ro', '', NULL, FALSE, TRUE, FALSE, '', NULL, 'Google Play', '');
INSERT INTO reviews VALUES ('591b2055-caa1-4f65-9b4a-a982f7d08a6e', 1, 3, 'very good service', 3, '2026-03-16', 0, 'en', 'positive', 0.872, FALSE, FALSE, FALSE, 'Speed and Convenience', 1.0, 'Google Play', 'service');
INSERT INTO reviews VALUES ('e72809bb-85c7-470d-98e9-48f3600af1aa', 1, 5, 'Now this bank is among those Ethiopian banks with best mobile banking. N.B I will give 5 star if the app asks a PIN before completing transaction.', 4, '2026-03-16', 0, 'en', 'positive', 0.9196, FALSE, FALSE, FALSE, 'Amharic Reviews', 0.7863, 'Google Play', 'ethiopian n.b star ask pin complete transaction');
INSERT INTO reviews VALUES ('21d8273e-59d3-48c2-8090-9986015b9c88', 2, -1, 'you can transfer br', 5, '2026-03-16', 0, 'cy', '', NULL, FALSE, FALSE, FALSE, '', NULL, 'Google Play', '');
INSERT INTO reviews VALUES ('f8037d38-ef11-4c3e-a4b7-2661f9631948', 1, -1, 'በጣም ጥሩ መተግበራያ ትው', 5, '2026-03-16', 0, 'unknown', 'neutral', 0.7733, FALSE, FALSE, FALSE, 'Uncategorized', 0.0, 'Google Play', 'በጣም መተግበራያ');
INSERT INTO reviews VALUES ('8782d702-24d0-4558-8437-4457d1ef8c05', 2, -1, 'new app', 5, '2026-03-16', 0, 'en', 'neutral', 0.665, FALSE, TRUE, FALSE, 'Uncategorized', NULL, 'Google Play', '');
INSERT INTO reviews VALUES ('4c486849-a97c-43c4-a07a-784aaca084eb', 1, -1, 'no limit app', 5, '2026-03-16', 0, 'it', '', NULL, FALSE, FALSE, FALSE, '', NULL, 'Google Play', '');
INSERT INTO reviews VALUES ('f67a9c4a-b8e7-45b3-8f4e-ead96979665e', 2, -1, 'well', 5, '2026-03-16', 0, 'cy', '', NULL, FALSE, TRUE, FALSE, '', NULL, 'Google Play', '');
INSERT INTO reviews VALUES ('e2cee706-7312-431b-bcd1-e2fdb7b8a67f', 1, -1, 'its so amazing', 5, '2026-03-16', 0, 'it', '', NULL, FALSE, FALSE, FALSE, '', NULL, 'Google Play', '');
INSERT INTO reviews VALUES ('f6dff13d-37e6-4d67-9d7e-40f0338e2a10', 2, 1, 'not properly work', 2, '2026-03-16', 0, 'en', 'negative', 0.5977, TRUE, FALSE, FALSE, 'General Banking Experience', 1.0, 'Google Play', 'properly work');
INSERT INTO reviews VALUES ('d770ebf8-251b-4a57-8a5d-3d6aef512e06', 1, -1, 'Best !', 5, '2026-03-16', 0, 'de', '', NULL, FALSE, TRUE, FALSE, '', NULL, 'Google Play', '');
INSERT INTO reviews VALUES ('7696e952-9b4f-4574-982d-9c31ecd37d80', 2, 3, 'All right 👍', 5, '2026-03-16', 0, 'en', 'positive', 0.8332, FALSE, FALSE, FALSE, 'Speed and Convenience', 1.0, 'Google Play', 'right');
INSERT INTO reviews VALUES ('2f7f98f2-a4b7-4995-a252-98e0568d277a', 2, -1, 'ልስን', 4, '2026-03-16', 0, 'unknown', 'neutral', 0.8142, FALSE, TRUE, FALSE, 'Uncategorized', NULL, 'Google Play', 'ልስን');
INSERT INTO reviews VALUES ('abefc5fe-bb89-461a-8e18-92f1d056fafc', 1, 2, 'lovely app', 5, '2026-03-16', 0, 'en', 'positive', 0.9429, FALSE, FALSE, FALSE, 'Dashen Super App Feedback', 1.0, 'Google Play', 'lovely');
INSERT INTO reviews VALUES ('fc170078-238d-4654-a19b-5cd7a5b410df', 2, -1, 'ቆጆ ነው', 5, '2026-03-16', 0, 'unknown', 'neutral', 0.8011, FALSE, TRUE, FALSE, 'Uncategorized', NULL, 'Google Play', '');
INSERT INTO reviews VALUES ('880076f1-597b-43f0-a72e-b2d551a85413', 1, 13, 'BoA easily accessible, fast with best service, Go ahead', 5, '2026-03-16', 0, 'en', 'positive', 0.9544, FALSE, FALSE, FALSE, 'boa | this | app | with', 1.0, 'Google Play', 'easily accessible fast service ahead');
INSERT INTO reviews VALUES ('cc316e0b-2313-43b7-aed8-83b94576c10a', 2, 1, 'it have to be work on all smart phone ratherthan limitted by version', 1, '2026-03-16', 0, 'en', 'neutral', 0.8227, FALSE, FALSE, FALSE, 'General Banking Experience', 0.9646, 'Google Play', 'work smart phone ratherthan limitte version');
INSERT INTO reviews VALUES ('771ca16b-78f0-46bb-ab16-0c79fd487527', 1, 1, 'the app is always full of bugs and I don''t know why they don''t even try to fix them it''s been like this for years it''s always unstable', 1, '2026-03-16', 0, 'en', 'negative', 0.9508, FALSE, FALSE, FALSE, 'General Banking Experience', 1.0, 'Google Play', 'bug try fix unstable');
INSERT INTO reviews VALUES ('cf3ae773-6780-4a73-b09c-c8757ad32902', 1, -1, 'love BOA', 1, '2026-03-15', 0, 'sl', '', NULL, FALSE, TRUE, FALSE, '', NULL, 'Google Play', '');
INSERT INTO reviews VALUES ('c83ece70-b75a-4917-99d7-29adfe39cad1', 2, 11, 'proud of CBE. CBE is my everyday day choice and confidence.', 5, '2026-03-15', 0, 'en', 'positive', 0.9816, FALSE, FALSE, FALSE, 'cbe | app | the | is', 1.0, 'Google Play', 'proud everyday choice confidence');
INSERT INTO reviews VALUES ('4148933e-6219-4d28-a7b7-be4baa2db624', 2, -1, 'It would be great if you could add tele birr agent to the transfer to wallet.', 2, '2026-03-15', 0, 'en', 'positive', 0.8797, FALSE, FALSE, FALSE, 'Uncategorized', 0.0, 'Google Play', 'add tele birr agent transfer wallet');
INSERT INTO reviews VALUES ('b1c86df8-47e8-4ca1-8ded-22a86b91700a', 2, -1, 'wonderful Pp', 5, '2026-03-14', 0, 'af', '', NULL, FALSE, FALSE, FALSE, '', NULL, 'Google Play', '');
INSERT INTO reviews VALUES ('c3263386-d601-4c7d-a48b-0a98797f3391', 2, 11, 'I gone to cbe branch more times as I updated or re installed it because it asks verfication no. after reinstallation or updation tis costy for you', 4, '2026-03-14', 0, 'en', 'negative', 0.5908, TRUE, FALSE, FALSE, 'cbe | app | the | is', 0.8257, 'Google Play', 'branch update instal ask verfication reinstallation updation tis costy');
INSERT INTO reviews VALUES ('b3eeddca-511a-4476-95fd-5e1c3efca410', 1, 5, 'You can rely on Abyssinia', 1, '2026-03-14', 0, 'en', 'neutral', 0.763, FALSE, FALSE, FALSE, 'Amharic Reviews', 0.6831, 'Google Play', 'rely abyssinia');
INSERT INTO reviews VALUES ('5ad04066-3460-4e16-b5c1-a886078b0085', 1, -1, 'i like', 5, '2026-03-14', 0, 'no', '', NULL, FALSE, TRUE, FALSE, '', NULL, 'Google Play', '');
INSERT INTO reviews VALUES ('4a26283f-47bf-4bfd-b13e-1191e39c535b', 2, -1, 'To the CBE: I opened my account 8 years ago while working as a government employee in Harerghe. Now I live in Addis Ababa, yet my account has been frozen without any explanation. I contacted nearby branches and even the head office, and all I was told is that I must go to the branch where I original', 3, '2026-03-14', 0, 'en', 'negative', 0.7782, FALSE, FALSE, FALSE, 'Uncategorized', 0.0, 'Google Play', 'open account ago work government employee harerghe live addis ababa account freeze explanation contact nearby branch head office tell branch originally open account 400 away fair legal expect customer');
INSERT INTO reviews VALUES ('661dcbe3-659c-4711-8990-151939c6be50', 2, 1, 'it''s good, but sometime the app can not be fast and it will need upgraeds.....?', 4, '2026-03-14', 0, 'en', 'negative', 0.5645, TRUE, FALSE, FALSE, 'General Banking Experience', 0.8597, 'Google Play', 'fast upgraed');
INSERT INTO reviews VALUES ('f7877bdc-d76e-47d5-bd71-b7c3d234aec7', 2, -1, 'love', 5, '2026-03-14', 0, 'sl', '', NULL, FALSE, TRUE, FALSE, '', NULL, 'Google Play', '');
INSERT INTO reviews VALUES ('d396099c-8a93-4f03-9bba-72eff15d6003', 2, 0, 'l want Mobile banks code', 5, '2026-03-13', 0, 'en', 'neutral', 0.7706, FALSE, FALSE, FALSE, 'General App Complaints', 1.0, 'Google Play', 'code');
INSERT INTO reviews VALUES ('19f75eae-6c35-44e0-a821-906d58f91505', 2, 1, 'My application are not working', 5, '2026-03-13', 0, 'en', 'negative', 0.7006, FALSE, FALSE, FALSE, 'General Banking Experience', 1.0, 'Google Play', 'application work');
INSERT INTO reviews VALUES ('4340b8b0-25a4-449d-bda0-186af48cb736', 2, 1, 'Can''t active now', 3, '2026-03-13', 0, 'en', 'negative', 0.6633, FALSE, FALSE, FALSE, 'General Banking Experience', 1.0, 'Google Play', 'active');
INSERT INTO reviews VALUES ('b060812c-af12-411e-a626-a07bc4b24f5f', 1, 1, 'it stucks and jumps out', 1, '2026-03-13', 1, 'en', 'negative', 0.8855, FALSE, FALSE, FALSE, 'General Banking Experience', 0.8888, 'Google Play', 'stuck jump');
INSERT INTO reviews VALUES ('f860f183-d8b2-429f-b1ec-18dea037e5ae', 2, 2, 'this app is really make me excited 😊', 5, '2026-03-13', 0, 'en', 'positive', 0.9894, FALSE, FALSE, FALSE, 'Dashen Super App Feedback', 0.9996, 'Google Play', 'excited');
INSERT INTO reviews VALUES ('220bb53e-c079-407d-ae42-91b26faded80', 2, 0, 'We need bank statement all over the year history of transaction if possible well come.', 4, '2026-03-13', 0, 'en', 'neutral', 0.8572, FALSE, FALSE, FALSE, 'General App Complaints', 0.7006, 'Google Play', 'statement history transaction possible come');
INSERT INTO reviews VALUES ('54d37bc7-3629-4064-9fb9-52b6e2263712', 2, 3, 'its good customer support', 4, '2026-03-13', 0, 'en', 'positive', 0.9297, FALSE, FALSE, FALSE, 'Speed and Convenience', 1.0, 'Google Play', 'customer support');
INSERT INTO reviews VALUES ('d3bf6272-b74b-45f3-9261-f5d331c5eae2', 2, 0, 'False advertising regarding Virtual Mastercard/Visa 😓😢😓 The latest update claims to support Mastercard and Visa cards, but this is completely false. The features are either missing or do not work at all. It is shameful for a leading bank to mislead its customers with "new features" that aren''t actu', 1, '2026-03-12', 0, 'en', 'negative', 0.9152, FALSE, FALSE, FALSE, 'General App Complaints', 1.0, 'Google Play', 'false advertising virtual mastercard visa late update claim support mastercard visa card completely false feature miss work shameful lead mislead customer feature actually available fix bug stop false');
INSERT INTO reviews VALUES ('ae4bc455-8a8d-4553-8350-3176b886f791', 2, -1, 'ቸርነት ገበየሁ', 5, '2026-03-12', 0, 'unknown', 'neutral', 0.8041, FALSE, TRUE, FALSE, 'Uncategorized', NULL, 'Google Play', 'ቸርነት ገበየሁ');
INSERT INTO reviews VALUES ('253e0a9b-e4e6-4490-946d-e3e7d79220b5', 2, 5, 'Easy to use and best way for online transactions in Ethiopia.', 4, '2026-03-12', 1, 'en', 'positive', 0.9209, FALSE, FALSE, FALSE, 'Amharic Reviews', 1.0, 'Google Play', 'easy way online transaction ethiopia');
INSERT INTO reviews VALUES ('16b5445c-964f-4185-97b3-cecd4fdc9c01', 3, 10, 'worst application', 1, '2026-03-11', 0, 'en', 'negative', 0.8329, FALSE, FALSE, FALSE, 'Amharic Complaints', 0.3638, 'Google Play', 'bad application');
INSERT INTO reviews VALUES ('5a29f4f0-5e87-4ef2-8000-c5d991f477e3', 2, -1, 'perfect 👌', 5, '2026-03-11', 0, 'ro', '', NULL, FALSE, TRUE, FALSE, '', NULL, 'Google Play', '');
INSERT INTO reviews VALUES ('d540a1ee-a4e1-453c-a4e9-0583ae6376da', 2, 3, 'thanks for my custom', 5, '2026-03-11', 0, 'en', 'positive', 0.8987, FALSE, FALSE, FALSE, 'Speed and Convenience', 0.8203, 'Google Play', 'custom');
INSERT INTO reviews VALUES ('f94ae1d1-0e5a-4836-9974-b29c66bfe798', 2, -1, 'Baankiin Daldala Itoophiyaa nuuf qabeenya guddaa tahuu hin dagatinaa Mata duree ykn Handhuura baankii hundaati', 5, '2026-03-11', 0, 'so', '', NULL, FALSE, FALSE, FALSE, '', NULL, 'Google Play', '');
INSERT INTO reviews VALUES ('5580be5c-7ed2-4b1d-bb9b-b6cafd790560', 3, -1, 'like 🥰', 5, '2026-03-11', 0, 'et', '', NULL, FALSE, TRUE, FALSE, '', NULL, 'Google Play', '');
INSERT INTO reviews VALUES ('03d3a52d-d0c3-42ee-b80a-411a058eaa0c', 2, 1, 'is good always not work not access.', 2, '2026-03-11', 0, 'en', 'neutral', 0.4625, TRUE, FALSE, FALSE, 'General Banking Experience', 1.0, 'Google Play', 'work access');
INSERT INTO reviews VALUES ('ee67fbbe-15df-4e7e-9ff9-bd14b94a91fe', 1, -1, 'ማስተዋልይርሳው', 5, '2026-03-11', 1, 'unknown', 'neutral', 0.788, FALSE, TRUE, FALSE, 'Uncategorized', NULL, 'Google Play', 'ማስተዋልይርሳው');
INSERT INTO reviews VALUES ('b6b7e64a-7e99-417d-a38c-e9eab458361e', 1, -1, '1 ደኛ', 5, '2026-03-10', 0, 'unknown', 'neutral', 0.8405, FALSE, TRUE, FALSE, 'Uncategorized', NULL, 'Google Play', '');
INSERT INTO reviews VALUES ('b96d31a2-9360-43ab-ba3c-a44b324f8288', 1, 0, 'considering the fact that bank is huge this app really bad you could do better', 1, '2026-03-10', 4, 'en', 'negative', 0.929, FALSE, FALSE, FALSE, 'General App Complaints', 1.0, 'Google Play', 'consider fact huge bad well');
INSERT INTO reviews VALUES ('4b839610-25c4-427b-8a2b-66925d497e3e', 2, 3, 'keepup the good work thanks', 5, '2026-03-10', 0, 'en', 'positive', 0.9617, FALSE, FALSE, FALSE, 'Speed and Convenience', 0.9326, 'Google Play', 'keepup work');
INSERT INTO reviews VALUES ('53d58ade-24f6-4894-a788-4ac2036594a3', 2, -1, 'it good', 5, '2026-03-10', 0, 'af', '', NULL, FALSE, TRUE, FALSE, '', NULL, 'Google Play', '');
INSERT INTO reviews VALUES ('8195a0a9-d25d-4974-909e-3c99a3968899', 2, -1, 'loved', 5, '2026-03-10', 0, 'sl', '', NULL, FALSE, TRUE, FALSE, '', NULL, 'Google Play', '');
INSERT INTO reviews VALUES ('cff12d26-6d7d-49ef-be12-83d9dff325ce', 2, -1, '❤', 5, '2026-03-10', 0, 'unknown', 'positive', 0.8904, FALSE, TRUE, FALSE, 'Uncategorized', NULL, 'Google Play', '');
INSERT INTO reviews VALUES ('d66d8a61-7a92-4eba-9581-9a2a91c950a2', 2, -1, 'The worst Application', 1, '2026-03-10', 0, 'en', 'negative', 0.8795, FALSE, FALSE, FALSE, 'Uncategorized', 0.0, 'Google Play', 'bad application');
INSERT INTO reviews VALUES ('32933f5d-410e-4750-91d9-0f1fa106fc37', 2, -1, 'exellent app!!!!!', 5, '2026-03-09', 0, 'fr', '', NULL, FALSE, FALSE, FALSE, '', NULL, 'Google Play', '');
INSERT INTO reviews VALUES ('9cee5834-00d7-4215-a5a3-15a4822b0502', 2, -1, 'dashing Bank', 5, '2026-03-09', 0, 'id', '', NULL, FALSE, FALSE, FALSE, '', NULL, 'Google Play', '');
INSERT INTO reviews VALUES ('1934266d-d352-4231-b910-d8449631c31a', 2, -1, 'it''s good', 3, '2026-03-09', 0, 'en', 'positive', 0.8582, FALSE, TRUE, FALSE, 'Uncategorized', NULL, 'Google Play', '');
INSERT INTO reviews VALUES ('c6885e9d-715b-4b84-bf1c-ad701607bcb7', 2, 3, 'easy to use', 5, '2026-03-09', 0, 'en', 'positive', 0.7464, FALSE, FALSE, FALSE, 'Speed and Convenience', 1.0, 'Google Play', 'easy');
INSERT INTO reviews VALUES ('e005191d-4f71-4d4b-92f8-bedfe518b39a', 2, -1, 'ጥሩ ነው', 5, '2026-03-08', 0, 'unknown', 'neutral', 0.7722, FALSE, TRUE, FALSE, 'Uncategorized', NULL, 'Google Play', '');
INSERT INTO reviews VALUES ('ef1bf0f5-48d9-4350-ac00-d6a869215e10', 2, -1, 'Very good', 5, '2026-03-08', 0, 'af', '', NULL, FALSE, TRUE, FALSE, '', NULL, 'Google Play', '');
INSERT INTO reviews VALUES ('577789b9-668f-4183-a920-a8c1b442a71c', 3, -1, 'so funy', 5, '2026-03-08', 0, 'es', '', NULL, FALSE, TRUE, FALSE, '', NULL, 'Google Play', '');
INSERT INTO reviews VALUES ('d532a2f5-172b-43bf-a092-8bf4b5bf5a96', 2, 0, 'The most dictator app in the banking industry. you beg for your own amount.', 1, '2026-03-08', 0, 'en', 'negative', 0.8943, FALSE, FALSE, FALSE, 'General App Complaints', 1.0, 'Google Play', 'dictator industry beg');
INSERT INTO reviews VALUES ('631a6a75-2a40-4963-b622-d357cc000e2b', 2, 3, 'Very Good service', 5, '2026-03-08', 0, 'en', 'positive', 0.8869, FALSE, FALSE, FALSE, 'Speed and Convenience', 1.0, 'Google Play', 'service');
INSERT INTO reviews VALUES ('9862ce32-6ac2-43b7-8881-4e4ef3468e2c', 3, 3, 'Good luck 👍 for my ambition ✔️💯%', 4, '2026-03-08', 0, 'en', 'positive', 0.9814, FALSE, FALSE, FALSE, 'Speed and Convenience', 1.0, 'Google Play', 'luck ambition');
INSERT INTO reviews VALUES ('72504a75-77cb-4e25-bc41-f5cff3cbe434', 2, -1, 'I like it', 4, '2026-03-07', 0, 'no', '', NULL, FALSE, TRUE, FALSE, '', NULL, 'Google Play', '');
INSERT INTO reviews VALUES ('b74e2378-9d8f-4517-a7d6-79984c8fc1c6', 1, 3, 'fast security 🔥🔥🔥', 5, '2026-03-07', 0, 'en', 'positive', 0.8508, FALSE, FALSE, FALSE, 'Speed and Convenience', 0.6797, 'Google Play', 'fast security');
INSERT INTO reviews VALUES ('933be3e4-0277-43b0-b2a6-42a8d4fd0e40', 2, 7, 'their is no option to write the code and it is not functioning and i can''t find the setting', 1, '2026-03-07', 0, 'en', 'negative', 0.8189, FALSE, FALSE, FALSE, 'PIN and Keyboard Issues', 0.8045, 'Google Play', 'option write code function find setting');
INSERT INTO reviews VALUES ('2f243de4-32f8-4508-965e-ddfc6bc03360', 1, -1, '100% 😱😱', 5, '2026-03-07', 0, 'unknown', 'neutral', 0.4897, TRUE, TRUE, FALSE, 'Uncategorized', NULL, 'Google Play', '100');
INSERT INTO reviews VALUES ('4ed1b355-d092-4b9d-a4cf-205ece7b5e92', 3, -1, 'ዳሸን ሱፐር አፕ ይለያል', 5, '2026-03-07', 0, 'unknown', 'neutral', 0.7877, FALSE, FALSE, FALSE, 'Uncategorized', 0.0, 'Google Play', 'ዳሸን ሱፐር ይለያል');
INSERT INTO reviews VALUES ('661c07dd-cdb7-4fc4-9297-8866e44a88fa', 2, -1, 'ቀርፋፋ ነዉ', 2, '2026-03-07', 1, 'unknown', 'neutral', 0.8009, FALSE, TRUE, FALSE, 'Uncategorized', NULL, 'Google Play', 'ቀርፋፋ');
INSERT INTO reviews VALUES ('506a2f7d-7c4a-44d0-9199-4dfbfcb7d75a', 2, -1, 'slowing on connection.', 3, '2026-03-07', 0, 'en', 'neutral', 0.8497, FALSE, FALSE, FALSE, 'Uncategorized', 0.0, 'Google Play', 'slow connection');
INSERT INTO reviews VALUES ('35a3c266-b58e-4e04-a10a-248047bef50e', 2, 1, 'please release an app which can work for all android versions.', 1, '2026-03-07', 0, 'en', 'positive', 0.49, TRUE, FALSE, FALSE, 'General Banking Experience', 1.0, 'Google Play', 'release work android version');
INSERT INTO reviews VALUES ('2f66c188-05de-4639-9ecd-c382d5d8c474', 2, -1, 'Good', 5, '2026-03-06', 0, 'so', '', NULL, FALSE, TRUE, FALSE, '', NULL, 'Google Play', '');
INSERT INTO reviews VALUES ('8a707545-3f2f-440d-89e5-2c1a25415db0', 2, 1, 'The previous application is good, but currently, after updating the application, everything is not working properly.', 1, '2026-03-06', 1, 'en', 'negative', 0.8419, FALSE, FALSE, FALSE, 'General Banking Experience', 1.0, 'Google Play', 'previous application currently update application work properly');
INSERT INTO reviews VALUES ('e1b078ee-9cac-4cea-abb1-78b872f63abd', 2, 0, 'Did you know that if you open and hide your balance amount, it''s font size will grow untill you can make it grow anymore because the Eye thingy will disappear (😭😭🫠)', 4, '2026-03-06', 0, 'en', 'negative', 0.5313, TRUE, FALSE, FALSE, 'General App Complaints', 0.8157, 'Google Play', 'open hide balance font size grow untill grow anymore eye thingy disappear');
INSERT INTO reviews VALUES ('64fed105-2213-4ce7-8117-ae6339a1ec93', 2, 2, 'this is best app', 4, '2026-03-06', 0, 'en', 'positive', 0.981, FALSE, FALSE, FALSE, 'Dashen Super App Feedback', 0.9956, 'Google Play', '');
INSERT INTO reviews VALUES ('24edd5be-9ae0-4aa7-9082-d2a6b117fb89', 2, 1, 'sometimes it shows "the app is not configured to the latest" message. Version 5.2 4', 3, '2026-03-06', 3, 'en', 'negative', 0.4972, TRUE, FALSE, FALSE, 'General Banking Experience', 0.8619, 'Google Play', 'show configure late message version 5.2');
INSERT INTO reviews VALUES ('61cb808d-3b92-42e5-9c51-e3816df824ea', 2, -1, 'heddu gaalatoma', 5, '2026-03-06', 0, 'so', '', NULL, FALSE, FALSE, FALSE, '', NULL, 'Google Play', '');
INSERT INTO reviews VALUES ('70c8eaa1-4c93-4bc4-b313-4bb3751cddce', 2, -1, 'first bank itoophiyaa nigd bank', 5, '2026-03-06', 0, 'so', '', NULL, FALSE, FALSE, FALSE, '', NULL, 'Google Play', '');
INSERT INTO reviews VALUES ('417625fc-a61a-4628-86d9-1f87a1e961ad', 2, 6, 'ወደ ቴሌ ለማስተላለፍ ዕምብ አለ', 5, '2026-03-05', 0, 'unknown', 'neutral', 0.7491, FALSE, FALSE, FALSE, 'Developer Options and Settings', 0.3752, 'Google Play', 'ለማስተላለፍ ዕምብ');
INSERT INTO reviews VALUES ('90bd6cd8-0f2a-40e8-a6fa-26cb0c45dc80', 1, -1, 'doesn''t work.', 1, '2026-03-05', 2, 'af', '', NULL, FALSE, FALSE, FALSE, '', NULL, 'Google Play', '');
INSERT INTO reviews VALUES ('3aac9f26-97ab-4d7d-b540-f1905936f630', 2, -1, 'nic', 5, '2026-03-05', 0, 'pl', '', NULL, FALSE, TRUE, FALSE, '', NULL, 'Google Play', '');
INSERT INTO reviews VALUES ('18c6ab9a-39a1-44d2-95b0-cdc602e2da5f', 2, -1, 'Excellent app', 5, '2026-03-05', 0, 'fr', '', NULL, FALSE, FALSE, FALSE, '', NULL, 'Google Play', '');
INSERT INTO reviews VALUES ('bf9bcc23-07a1-444b-8af6-eb14c2f54a42', 3, -1, 'dashen bank super up', 5, '2026-03-05', 0, 'id', '', NULL, FALSE, FALSE, FALSE, '', NULL, 'Google Play', '');
INSERT INTO reviews VALUES ('968b61f3-9f6c-4e7f-bf4b-317121b29ab5', 2, -1, 'I am using most of my financial things smoothly.', 5, '2026-03-05', 0, 'en', 'positive', 0.8189, FALSE, FALSE, FALSE, 'Uncategorized', 0.0, 'Google Play', 'financial thing smoothly');
INSERT INTO reviews VALUES ('354ac598-f933-4de0-8c69-b9a408b72eeb', 2, 1, 'I like this apk and also I can accessed it wel!', 5, '2026-03-05', 0, 'en', 'positive', 0.9803, FALSE, FALSE, FALSE, 'General Banking Experience', 0.7106, 'Google Play', 'apk access wel');
INSERT INTO reviews VALUES ('6558fb91-8665-410b-8b6d-4dfee1beea9a', 2, 11, 'Due to app version is to long ,this app is more lost money for new phone,im sory the new CBE app developper!', 1, '2026-03-05', 1, 'en', 'negative', 0.9203, FALSE, FALSE, FALSE, 'cbe | app | the | is', 0.7785, 'Google Play', 'version long lost money phone sory developper');
INSERT INTO reviews VALUES ('65eb07cc-2eeb-41e1-917d-7ecaec59f059', 3, 6, 'ሁሌ አይሰራም መሽከርከር ብቻ ባላንስ አያሳይ ትራንስፈር አይሰራ አፑ ራሱ አይከፍት ብር ይቆርጣል እንጂ አይልክ ። ወሬ ብቻ 4 ወር አየውት ወሬ ቲሽ', 1, '2026-03-05', 0, 'unknown', 'neutral', 0.7582, FALSE, FALSE, FALSE, 'Developer Options and Settings', 1.0, 'Google Play', 'አይሰራም መሽከርከር ባላንስ አያሳይ ትራንስፈር አይሰራ አይከፍት ይቆርጣል እንጂ አይልክ አየውት');
INSERT INTO reviews VALUES ('a421682e-c42b-49be-b7cf-b4ce626dbfd0', 2, -1, 'best', 5, '2026-03-04', 0, 'af', '', NULL, FALSE, TRUE, FALSE, '', NULL, 'Google Play', '');
INSERT INTO reviews VALUES ('035a4351-25ec-4ab9-a396-a069d673ac1c', 2, 1, 'This app is not working on samsung j6 devices this is not fair we can''t afford to buy new devices so u have to make work on this devices to?', 1, '2026-03-04', 3, 'en', 'negative', 0.9333, FALSE, FALSE, FALSE, 'General Banking Experience', 1.0, 'Google Play', 'work samsung device fair afford buy device work device');
INSERT INTO reviews VALUES ('6e90d496-9fe8-469a-bd7c-431615321a0b', 2, -1, 'Good work', 5, '2026-03-04', 0, 'af', '', NULL, FALSE, TRUE, FALSE, '', NULL, 'Google Play', '');
INSERT INTO reviews VALUES ('dabed99c-87c9-49bc-bf32-c0d7fb205ee0', 2, -1, 'it''s very good apps I like it', 5, '2026-03-04', 0, 'af', '', NULL, FALSE, FALSE, FALSE, '', NULL, 'Google Play', '');
INSERT INTO reviews VALUES ('cd638255-2fb3-4772-98f9-b90d8732dc05', 2, 2, 'Good app, Thanks', 5, '2026-03-04', 0, 'en', 'positive', 0.967, FALSE, FALSE, FALSE, 'Dashen Super App Feedback', 1.0, 'Google Play', '');
INSERT INTO reviews VALUES ('5e6379c2-86ca-4666-94d0-fef6ee4882c0', 1, -1, 'atdtd', 1, '2026-03-03', 0, 'da', '', NULL, FALSE, TRUE, FALSE, '', NULL, 'Google Play', '');
INSERT INTO reviews VALUES ('08bff884-5d89-4d4d-9cd5-b2bf78dc8f58', 2, 1, 'Your app is not working for android version 8. pls make it available!!', 2, '2026-03-03', 2, 'en', 'negative', 0.864, FALSE, FALSE, FALSE, 'General Banking Experience', 1.0, 'Google Play', 'work android version pls available');
INSERT INTO reviews VALUES ('ed4f3ac6-c53f-4830-b573-966243744659', 3, 3, 'good but not fast', 1, '2026-03-03', 0, 'en', 'neutral', 0.5327, TRUE, FALSE, FALSE, 'Speed and Convenience', 1.0, 'Google Play', 'fast');
INSERT INTO reviews VALUES ('5338162f-86ba-47c8-ba55-8d8d57b169f8', 2, -1, 'my choice', 5, '2026-03-03', 0, 'cs', '', NULL, FALSE, TRUE, FALSE, '', NULL, 'Google Play', '');
INSERT INTO reviews VALUES ('147bd910-f362-43a7-996e-eb2376990dfa', 2, 0, 'I couldn''t pay/transfer to my loan account. Would you mind updating your system?', 3, '2026-03-03', 6, 'en', 'negative', 0.717, FALSE, FALSE, FALSE, 'General App Complaints', 1.0, 'Google Play', 'pay transfer loan account mind update system');
INSERT INTO reviews VALUES ('8ebf0798-a3bb-4833-862e-ca666c55e44d', 2, 8, 'account not raning', 5, '2026-03-03', 0, 'en', 'neutral', 0.6849, FALSE, FALSE, FALSE, 'General Positive Feedback', 0.6272, 'Google Play', 'account rane');
INSERT INTO reviews VALUES ('d2faecf4-b1ac-461d-adf4-e667728c0dcc', 2, 11, 'it is good important applications gofowards cbe', 5, '2026-03-03', 0, 'en', 'positive', 0.8378, FALSE, FALSE, FALSE, 'cbe | app | the | is', 0.7739, 'Google Play', 'important application gofoward');
INSERT INTO reviews VALUES ('446d14c5-2a58-49df-8035-dae42208656b', 2, -1, 'strong 💪', 5, '2026-03-03', 0, 'tl', '', NULL, FALSE, TRUE, FALSE, '', NULL, 'Google Play', '');
INSERT INTO reviews VALUES ('27b5e7f8-5e56-425e-921b-8a6ea00fcf9d', 2, -1, 'Excellent', 5, '2026-03-03', 0, 'ca', '', NULL, FALSE, TRUE, FALSE, '', NULL, 'Google Play', '');
INSERT INTO reviews VALUES ('7ce57cef-5b54-44f6-ab25-8f4c0b8af848', 2, -1, 'sestem esy', 1, '2026-03-03', 0, 'fr', '', NULL, FALSE, FALSE, FALSE, '', NULL, 'Google Play', '');
INSERT INTO reviews VALUES ('9ce47c0e-6e5d-4f8d-ac3e-651ca01ba730', 2, -1, 'bergit koranibachihu fetan agelgilot eyagegnen new.....💪', 5, '2026-03-02', 0, 'nl', '', NULL, FALSE, FALSE, FALSE, '', NULL, 'Google Play', '');
INSERT INTO reviews VALUES ('bd05fabf-c681-40a8-b297-e27ece0315aa', 2, -1, 'wonderful', 5, '2026-03-02', 0, 'af', '', NULL, FALSE, TRUE, FALSE, '', NULL, 'Google Play', '');
INSERT INTO reviews VALUES ('583c209c-b738-488b-9fe0-076e2f110101', 2, -1, 'bad', 1, '2026-03-02', 0, 'so', '', NULL, FALSE, TRUE, FALSE, '', NULL, 'Google Play', '');
INSERT INTO reviews VALUES ('2f1b12ec-7f68-4d5a-8278-28efad754be7', 1, -1, 'ፈት አፈዘ', 1, '2026-03-02', 0, 'unknown', 'neutral', 0.7856, FALSE, TRUE, FALSE, 'Uncategorized', NULL, 'Google Play', 'አፈዘ');
INSERT INTO reviews VALUES ('269bf571-95ad-4fa1-ba20-82102be383ec', 1, 1, 'Its so boaring app I ever had....please review and fix z deficulties', 1, '2026-03-02', 5, 'en', 'negative', 0.8771, FALSE, FALSE, FALSE, 'General Banking Experience', 0.9144, 'Google Play', 'boare review fix deficultie');
INSERT INTO reviews VALUES ('d48ae881-1b53-4ca0-ae7e-f2ad05036099', 2, 2, 'I’m really glad you find the app useful, secure, and reliable.', 5, '2026-03-02', 2, 'en', 'positive', 0.9833, FALSE, FALSE, FALSE, 'Dashen Super App Feedback', 1.0, 'Google Play', 'glad find useful secure reliable');
INSERT INTO reviews VALUES ('70b3c701-7165-4e10-87f2-3279e7d1073f', 2, 9, 'WOW, The bank I trust most', 5, '2026-03-02', 0, 'en', 'positive', 0.9737, FALSE, FALSE, FALSE, 'CBE Specific Feedback', 1.0, 'Google Play', 'wow trust');
INSERT INTO reviews VALUES ('73111279-2f53-44a9-9a4c-711693a741cf', 2, -1, 'አጸልኬሺን', 1, '2026-03-02', 0, 'unknown', 'neutral', 0.7952, FALSE, TRUE, FALSE, 'Uncategorized', NULL, 'Google Play', 'አጸልኬሺን');
INSERT INTO reviews VALUES ('e763cbeb-416d-4a76-9dcd-1f4139eb794f', 1, -1, 'profesionl', 5, '2026-03-02', 0, 'en', 'neutral', 0.7563, FALSE, FALSE, FALSE, 'Uncategorized', 0.0, 'Google Play', 'profesionl');
INSERT INTO reviews VALUES ('7200ec14-1630-4f75-a373-6d48a9525d93', 3, -1, 'it works all we need but if there is good internet connection.', 3, '2026-03-01', 0, 'en', 'positive', 0.5318, TRUE, FALSE, FALSE, 'Uncategorized', 0.0, 'Google Play', 'work internet connection');
INSERT INTO reviews VALUES ('8bdda472-690d-4555-ae95-29bf53f06ab0', 2, 12, 'good application thanks very much', 5, '2026-03-01', 0, 'en', 'positive', 0.9686, FALSE, FALSE, FALSE, 'application | good | very | amazing', 1.0, 'Google Play', 'application');
INSERT INTO reviews VALUES ('4d23246a-2781-4dce-84fe-5ea53e104718', 2, -1, 'unbile to connect eyale aschegeren', 1, '2026-03-01', 0, 'it', '', NULL, FALSE, FALSE, FALSE, '', NULL, 'Google Play', '');
INSERT INTO reviews VALUES ('7cc14a71-ea8f-45c6-b37a-7c674a8f086e', 2, 3, 'very Good service', 5, '2026-03-01', 0, 'en', 'positive', 0.8848, FALSE, FALSE, FALSE, 'Speed and Convenience', 1.0, 'Google Play', 'service');
INSERT INTO reviews VALUES ('68f17577-2272-4eca-95d4-67cf36a0c0a8', 2, -1, 'great', 5, '2026-03-01', 0, 'ro', '', NULL, FALSE, TRUE, FALSE, '', NULL, 'Google Play', '');
INSERT INTO reviews VALUES ('9ae685eb-7c34-41dc-9e55-8b423e1ef14c', 2, 3, 'amazing and easy to use i buy it 💪💪💪', 5, '2026-03-01', 0, 'en', 'positive', 0.9867, FALSE, FALSE, FALSE, 'Speed and Convenience', 1.0, 'Google Play', 'amazing easy buy');
INSERT INTO reviews VALUES ('e4f949d7-036a-4135-876f-ac2ba8b31376', 2, -1, 'it doesn''t work', 1, '2026-03-01', 0, 'af', '', NULL, FALSE, FALSE, FALSE, '', NULL, 'Google Play', '');
INSERT INTO reviews VALUES ('750f9413-bfdf-4902-bbd0-0a5248a5d031', 2, -1, 'very good', 5, '2026-03-01', 0, 'af', '', NULL, FALSE, TRUE, FALSE, '', NULL, 'Google Play', '');
INSERT INTO reviews VALUES ('1c8d7526-0c07-4eaf-ab06-b71ea9a2452e', 1, -1, 'no app', 1, '2026-03-01', 0, 'it', '', NULL, FALSE, TRUE, FALSE, '', NULL, 'Google Play', '');
INSERT INTO reviews VALUES ('e632f2bd-6d85-48e7-8d58-39ea4c2c752c', 2, 11, 'CBE app is great app', 1, '2026-03-01', 0, 'en', 'positive', 0.9798, FALSE, FALSE, FALSE, 'cbe | app | the | is', 1.0, 'Google Play', '');
INSERT INTO reviews VALUES ('ae545412-271a-4763-8925-5a6aa169e225', 2, -1, 'arifa nw gin dark mode chemrubeta', 4, '2026-02-28', 0, 'cy', '', NULL, FALSE, FALSE, FALSE, '', NULL, 'Google Play', '');
INSERT INTO reviews VALUES ('5bae1b8b-c4eb-4763-aae9-54e07ce87be7', 2, 2, 'except some drawbacks it is an excellent app. e.g. it doesn''t make a reciept for personal expenditures.', 4, '2026-02-28', 1, 'en', 'positive', 0.7103, FALSE, FALSE, FALSE, 'Dashen Super App Feedback', 0.9682, 'Google Play', 'drawback excellent e.g. reciept personal expenditure');
INSERT INTO reviews VALUES ('9a37b2dc-7a91-4913-b178-79a3ce3a37cb', 2, -1, 'As', 5, '2026-02-28', 0, 'tl', '', NULL, FALSE, TRUE, FALSE, '', NULL, 'Google Play', '');
INSERT INTO reviews VALUES ('cfac8477-ef2c-4a3e-bfa6-ec3251c8ca14', 2, -1, '302026 NDE', 3, '2026-02-28', 0, 'vi', '', NULL, FALSE, FALSE, FALSE, '', NULL, 'Google Play', '');
INSERT INTO reviews VALUES ('4fa9e16b-13e9-46cf-8a9c-6cbf8e7d028e', 2, 0, 'it is the worst app ever ...you can even generate a transaction statement', 1, '2026-02-28', 0, 'en', 'negative', 0.96, FALSE, FALSE, FALSE, 'General App Complaints', 0.7816, 'Google Play', 'bad generate transaction statement');
INSERT INTO reviews VALUES ('14d83642-cb8f-4486-8730-a1ba63038423', 2, 2, 'Wow great apps thanks for your service👏', 5, '2026-02-27', 0, 'en', 'positive', 0.9866, FALSE, FALSE, FALSE, 'Dashen Super App Feedback', 1.0, 'Google Play', 'wow service');
INSERT INTO reviews VALUES ('a47676b1-8ea7-4d8f-9877-3d9796fae7a1', 2, -1, 'ver 👍good', 5, '2026-02-27', 0, 'af', '', NULL, FALSE, TRUE, FALSE, '', NULL, 'Google Play', '');
INSERT INTO reviews VALUES ('0085877a-a239-42b3-8cb7-632605bd1982', 2, 0, 'one of the fastest mobile banking app.', 5, '2026-02-27', 0, 'en', 'positive', 0.9502, FALSE, FALSE, FALSE, 'General App Complaints', 1.0, 'Google Play', 'fast');
INSERT INTO reviews VALUES ('8d47e2b8-571a-49e7-8b7e-3a25c87f7f52', 1, -1, 'BOA mobile app', 5, '2026-02-27', 0, 'it', '', NULL, FALSE, FALSE, FALSE, '', NULL, 'Google Play', '');
INSERT INTO reviews VALUES ('903fddc0-7ae1-423f-b68e-aa3a42e694a6', 2, -1, 'fastest app', 5, '2026-02-27', 0, 'fr', '', NULL, FALSE, FALSE, FALSE, '', NULL, 'Google Play', '');
INSERT INTO reviews VALUES ('0b1b9aa3-78f5-45bc-973c-925f33baa3ff', 1, 0, 'Good App But big problem with Trasfer to other Bank im send some money to other bank still not reach it ,it''s take time around two days', 4, '2026-02-27', 18, 'en', 'negative', 0.8368, FALSE, FALSE, FALSE, 'General App Complaints', 1.0, 'Google Play', 'big problem trasfer send money reach');
INSERT INTO reviews VALUES ('55d74ee5-63ee-4870-ae4b-da694b8824aa', 3, -1, 'birhanu debebe getahuu', 5, '2026-02-27', 0, 'id', '', NULL, FALSE, FALSE, FALSE, '', NULL, 'Google Play', '');
INSERT INTO reviews VALUES ('07effce7-fddb-4d7f-9d5a-b91eb6604650', 2, 1, 'after the the recent update the app not responding.', 1, '2026-02-26', 1, 'en', 'negative', 0.7619, FALSE, FALSE, FALSE, 'General Banking Experience', 0.9612, 'Google Play', 'recent update respond');
INSERT INTO reviews VALUES ('7b49198a-739a-441e-a00d-b52ca66ac64d', 2, -1, 'nice', 5, '2026-02-26', 0, 'pl', '', NULL, FALSE, TRUE, FALSE, '', NULL, 'Google Play', '');
INSERT INTO reviews VALUES ('0e108f89-0a9a-42c8-8e2b-690f5c0082e8', 2, -1, 'gooda', 5, '2026-02-26', 0, 'so', '', NULL, FALSE, TRUE, FALSE, '', NULL, 'Google Play', '');
INSERT INTO reviews VALUES ('f66d792b-191a-4eab-be02-9ad474cb0c23', 2, -1, 'Impose for me as work by less network', 2, '2026-02-26', 1, 'en', 'neutral', 0.7589, FALSE, FALSE, FALSE, 'Uncategorized', 0.0, 'Google Play', 'impose work network');
INSERT INTO reviews VALUES ('f150218a-c5da-4af4-8b9f-7ca24ced6996', 2, 0, 'The app is great, but I don''t like the confirmation text showing my balance.', 5, '2026-02-26', 3, 'en', 'negative', 0.7054, FALSE, FALSE, FALSE, 'General App Complaints', 0.692, 'Google Play', 'confirmation text show balance');
INSERT INTO reviews VALUES ('b23e8a53-3b8f-4b54-952d-e86ecd3ff27d', 3, 2, 'I use this app it''s best', 5, '2026-02-25', 0, 'en', 'positive', 0.9836, FALSE, FALSE, FALSE, 'Dashen Super App Feedback', 0.8839, 'Google Play', '');
INSERT INTO reviews VALUES ('431e90d5-e5d0-45a0-b2f7-0c90d908293f', 2, -1, 'The best application I have seen ever', 5, '2026-02-25', 0, 'en', 'positive', 0.9809, FALSE, FALSE, FALSE, 'Uncategorized', 0.0, 'Google Play', 'application see');
INSERT INTO reviews VALUES ('882a390d-cee8-4fdc-b92d-eb5b9c6a35ef', 3, -1, 'What''s the problem with VPN?, i use a local VPN and turning that off for this app sucks', 1, '2026-02-25', 0, 'en', 'negative', 0.9021, FALSE, FALSE, FALSE, 'Uncategorized', 0.0, 'Google Play', 'problem vpn local vpn turn suck');
INSERT INTO reviews VALUES ('e272712e-ca1e-4368-b21c-2f0a0c8c3327', 2, 12, 'very good application i like it', 5, '2026-02-25', 0, 'en', 'positive', 0.9797, FALSE, FALSE, FALSE, 'application | good | very | amazing', 1.0, 'Google Play', 'application');
INSERT INTO reviews VALUES ('e2ebf3a6-807d-48ae-8a14-703dd758a156', 3, 2, 'Thank you. Very nice App.', 5, '2026-02-25', 0, 'en', 'positive', 0.9754, FALSE, FALSE, FALSE, 'Dashen Super App Feedback', 1.0, 'Google Play', '');
INSERT INTO reviews VALUES ('82f06d37-df5b-4e43-b704-aaf6fc9ed307', 2, 1, 'not working without data', 4, '2026-02-25', 0, 'en', 'neutral', 0.5872, TRUE, FALSE, FALSE, 'General Banking Experience', 1.0, 'Google Play', 'work datum');
INSERT INTO reviews VALUES ('ac798833-2852-4806-b49c-0870a2ca8021', 1, 9, 'Use the best bank account ✅👌👌👌', 5, '2026-02-25', 0, 'en', 'positive', 0.9548, FALSE, FALSE, FALSE, 'CBE Specific Feedback', 0.3675, 'Google Play', 'account');
INSERT INTO reviews VALUES ('24a0b8ed-a1ae-4797-baf7-5140b19e82c8', 2, 3, 'good expiriance love it', 5, '2026-02-25', 0, 'en', 'positive', 0.9798, FALSE, FALSE, FALSE, 'Speed and Convenience', 0.9048, 'Google Play', 'expiriance love');
INSERT INTO reviews VALUES ('001d3e34-6fd7-414b-9102-b3e880d9321a', 2, 2, 'It is excellent app which perform very well. it is easier, secure and fast.', 5, '2026-02-25', 2, 'en', 'positive', 0.9816, FALSE, FALSE, FALSE, 'Dashen Super App Feedback', 1.0, 'Google Play', 'excellent perform easy secure fast');
INSERT INTO reviews VALUES ('0c3f0d1d-79a5-4821-990a-87d59e6b651a', 3, -1, 'yes waw', 5, '2026-02-25', 0, 'sw', '', NULL, FALSE, TRUE, FALSE, '', NULL, 'Google Play', '');
INSERT INTO reviews VALUES ('1c547972-67eb-4aed-b1ae-ef8ceb65efad', 2, 0, 'The last update has some serious issues. I can''t even check my account balance, or see recent transactions, let alone make new transactions.', 1, '2026-02-24', 6, 'en', 'negative', 0.885, FALSE, FALSE, FALSE, 'General App Complaints', 0.9359, 'Google Play', 'update issue check account balance recent transaction let transaction');
INSERT INTO reviews VALUES ('1b01f5f9-4a1c-44e3-8b89-9403a703309a', 1, -1, 'well app', 5, '2026-02-24', 0, 'en', 'neutral', 0.5057, TRUE, TRUE, FALSE, 'Uncategorized', NULL, 'Google Play', '');
INSERT INTO reviews VALUES ('61f8cb54-d6e0-4254-85d7-b6dc459814cf', 2, -1, 'abdiisss fayiisaa', 5, '2026-02-24', 0, 'so', '', NULL, FALSE, FALSE, FALSE, '', NULL, 'Google Play', '');
INSERT INTO reviews VALUES ('81ec6e7e-331e-4e90-8f05-8cb7063ca5d8', 2, 3, 'woe nice ... To be continue', 4, '2026-02-24', 0, 'en', 'positive', 0.7679, FALSE, FALSE, FALSE, 'Speed and Convenience', 1.0, 'Google Play', 'woe continue');
INSERT INTO reviews VALUES ('d7ae39da-7273-483b-b404-8c2e612e02c7', 2, -1, 'it''s just funny', 1, '2026-02-24', 1, 'fr', '', NULL, FALSE, FALSE, FALSE, '', NULL, 'Google Play', '');
INSERT INTO reviews VALUES ('88c6a7b6-c72c-4914-9359-a64b81145148', 2, -1, 'keep going on !', 3, '2026-02-24', 0, 'af', '', NULL, FALSE, FALSE, FALSE, '', NULL, 'Google Play', '');
INSERT INTO reviews VALUES ('62201512-661f-4171-8208-5367b54d1741', 2, 14, 'በጣም የተመሰገነ አኘ', 5, '2026-02-24', 0, 'unknown', 'neutral', 0.7889, FALSE, FALSE, FALSE, 'አይሰራም | በጣም | ለምንድነው | መሆንሁ', 1.0, 'Google Play', 'በጣም የተመሰገነ');
INSERT INTO reviews VALUES ('a48a15b4-9f0f-4cc2-b823-56bc1c2314b3', 3, 8, 'Biometrc authentication is not working in this updated version.', 3, '2026-02-23', 0, 'en', 'negative', 0.6222, TRUE, FALSE, FALSE, 'General Positive Feedback', 0.6548, 'Google Play', 'biometrc authentication work update version');
INSERT INTO reviews VALUES ('e855bb26-3afc-47e5-9e73-6c04dae621ec', 2, 0, 'good app for money services', 5, '2026-02-23', 4, 'en', 'positive', 0.7724, FALSE, FALSE, FALSE, 'General App Complaints', 1.0, 'Google Play', 'money service');
INSERT INTO reviews VALUES ('0d3706b4-c1ca-47f5-95f1-603aaa2aab14', 3, 3, 'very important', 5, '2026-02-23', 0, 'en', 'positive', 0.6316, TRUE, FALSE, FALSE, 'Speed and Convenience', 0.7616, 'Google Play', 'important');
INSERT INTO reviews VALUES ('e1556dbc-4ca8-4d4f-a9e5-f2bf4a8559a5', 1, 0, 'balance sync is working after 24 hours, frequently stop working for the last 4 yrs, boring update released, very poor service', 2, '2026-02-23', 16, 'en', 'negative', 0.9272, FALSE, FALSE, FALSE, 'General App Complaints', 0.9013, 'Google Play', 'balance sync work hour frequently stop work boring update release poor service');
INSERT INTO reviews VALUES ('1d857c36-95d1-4cf6-bfa7-d7730e6c267f', 3, 4, 'Dashen Bank SuperApp is user‑friendly, fast, and very convenient for daily banking. Transactions are smooth, and the app keeps improving with useful features. A great digital banking experience overall highly recommended.', 5, '2026-02-23', 0, 'en', 'positive', 0.9793, FALSE, FALSE, FALSE, 'Positive General Feedback', 1.0, 'Google Play', 'superapp user‑friendly fast convenient daily transaction smooth keep improve useful feature digital experience overall highly recommended');
INSERT INTO reviews VALUES ('d39e1f3b-7b12-4686-98b7-fe0c02a6254a', 2, -1, 'I like is app', 5, '2026-02-23', 0, 'af', '', NULL, FALSE, FALSE, FALSE, '', NULL, 'Google Play', '');
INSERT INTO reviews VALUES ('2153c14f-37ee-4a9f-8093-52e0f9042f09', 2, -1, 'ምርጥ', 5, '2026-02-23', 0, 'unknown', 'neutral', 0.803, FALSE, TRUE, FALSE, 'Uncategorized', NULL, 'Google Play', 'ምርጥ');
INSERT INTO reviews VALUES ('3354c5a5-94c1-4031-b383-f608d934087e', 2, 0, 'it is the worst one ever seen in my life because unless you have updated it can not work completely and if you update it you must go to the nearest bank always for that i give it one star', 1, '2026-02-22', 3, 'en', 'negative', 0.9482, FALSE, FALSE, FALSE, 'General App Complaints', 1.0, 'Google Play', 'bad see life update work completely update near star');
INSERT INTO reviews VALUES ('e044bb77-4f61-4fe0-b3b0-4da5cd9125e6', 2, 3, 'it is best for me', 5, '2026-02-22', 0, 'en', 'positive', 0.7502, FALSE, FALSE, FALSE, 'Speed and Convenience', 1.0, 'Google Play', '');
INSERT INTO reviews VALUES ('f4fcc859-e9cd-4c7d-b86b-2c080fda6b79', 2, 1, 'As you know most of your subscribers use lowest android version,so in the case of updated 2026 app, you lost your digital customers.Even Ethiotelecom tries button Mobiles as use some android applications to satisfy his customers.', 1, '2026-02-22', 1, 'en', 'negative', 0.6642, FALSE, FALSE, FALSE, 'General Banking Experience', 0.7446, 'Google Play', 'subscriber low android version case update 2026 lose digital customers.even ethiotelecom try button android application satisfy customer');
INSERT INTO reviews VALUES ('3712a990-2917-49eb-a794-5573703e2fba', 2, 6, 'ቅልጥፍጥፍ ያለ አሰራር በመሆኑ በዚሁ ቀጥሉ', 5, '2026-02-22', 0, 'unknown', 'neutral', 0.7745, FALSE, FALSE, FALSE, 'Developer Options and Settings', 0.584, 'Google Play', 'ቅልጥፍጥፍ አሰራር በመሆኑ በዚሁ ቀጥሉ');
INSERT INTO reviews VALUES ('60fcf6ec-6505-47d3-9c69-fcefde08f6c1', 2, 2, 'the app.is very nice', 5, '2026-02-21', 0, 'en', 'positive', 0.9776, FALSE, FALSE, FALSE, 'Dashen Super App Feedback', 1.0, 'Google Play', 'app.is');
INSERT INTO reviews VALUES ('ebd56987-8485-4cc4-b77a-e8b25dba8934', 2, -1, 'retarded app', 1, '2026-02-21', 0, 'sv', '', NULL, FALSE, FALSE, FALSE, '', NULL, 'Google Play', '');
INSERT INTO reviews VALUES ('2da1c4b9-67a9-4f57-a0a5-e570e64decdc', 2, 3, 'fast, sharp and perfect', 5, '2026-02-21', 0, 'en', 'positive', 0.9034, FALSE, FALSE, FALSE, 'Speed and Convenience', 1.0, 'Google Play', 'fast sharp perfect');
INSERT INTO reviews VALUES ('fb7d06f5-0919-42be-904f-38f0804b0c3d', 2, 2, 'good App 👍 thank you', 5, '2026-02-21', 0, 'en', 'positive', 0.9731, FALSE, FALSE, FALSE, 'Dashen Super App Feedback', 1.0, 'Google Play', '');
INSERT INTO reviews VALUES ('1834dea9-f8b9-4cfe-ade8-80284613f3b0', 2, -1, 'I had been using mobile banking since many years but my pin blocked and went to the opening bank which is Aware branch they made it good and I confirmed the new pin when I reached home and try to access with no reason it blocked it so I went again and they give another one and we agreed and I confir', 5, '2026-02-21', 5, 'en', 'neutral', 0.6374, TRUE, FALSE, FALSE, 'Uncategorized', 0.0, 'Google Play', 'pin block opening aware branch confirm pin reach home try access reason block agree confirm thing happen knowledge fall break ball ball socket have surgery walk help cane help');
INSERT INTO reviews VALUES ('9c02c8ba-3634-4363-b888-e60ce895ba7a', 2, 8, 'Good. I like the last chenge you made on the order of numbers on the password keyboared. it helps the user be more conscious of what he is doing and other people would not assume or guess passwords from the patterns of the regular number keyboared', 5, '2026-02-21', 160, 'en', 'positive', 0.7101, FALSE, FALSE, FALSE, 'General Positive Feedback', 0.7032, 'Google Play', 'chenge order number password keyboare help user conscious people assume guess password pattern regular number keyboare');
INSERT INTO reviews VALUES ('f6aed605-0802-446b-8731-6b37534b9f53', 2, -1, 'ገንዘብ የለንም', 5, '2026-02-21', 0, 'unknown', 'neutral', 0.7856, FALSE, TRUE, FALSE, 'Uncategorized', NULL, 'Google Play', 'ገንዘብ የለንም');
INSERT INTO reviews VALUES ('28b36736-20d6-43c0-91bb-d0db24f57797', 2, 9, 'the best payment method 👌', 5, '2026-02-20', 0, 'en', 'positive', 0.9674, FALSE, FALSE, FALSE, 'CBE Specific Feedback', 0.3333, 'Google Play', 'payment method');
INSERT INTO reviews VALUES ('41416c47-1d5e-4b6c-8a1d-695bcdb3beab', 1, 3, 'Excellent service thanks', 5, '2026-02-20', 0, 'en', 'positive', 0.9519, FALSE, FALSE, FALSE, 'Speed and Convenience', 1.0, 'Google Play', 'excellent service');
INSERT INTO reviews VALUES ('fa56d43c-712e-458b-a198-5847ee17b7f6', 3, 5, 'One of the best in Ethiopia', 5, '2026-02-20', 0, 'en', 'positive', 0.9361, FALSE, FALSE, FALSE, 'Amharic Reviews', 0.948, 'Google Play', 'ethiopia');
INSERT INTO reviews VALUES ('69aa5b51-b5ba-4d75-9bf9-6e5971f6574e', 2, 0, 'The app needs a major update for transparency and usability. Show Fees First: Currently, the app hides the total cost until after the transaction is finished. For example, if I transfer 10 ETB, I only see the extra 11.50 ETB in fees on the receipt after the money is gone. We must see the Commission ', 2, '2026-02-20', 39, 'en', 'neutral', 0.6938, FALSE, FALSE, FALSE, 'General App Complaints', 0.7371, 'Google Play', 'major update transparency usability fee currently hide total cost transaction finish example transfer etb extra 11.50 etb fee receipt money commission vat click confirm cardless atm withdrawal add fea');
INSERT INTO reviews VALUES ('61289187-776d-4b1d-948a-47281c1e6159', 2, 11, 'CBE application is good.', 4, '2026-02-20', 0, 'en', 'positive', 0.9481, FALSE, FALSE, FALSE, 'cbe | app | the | is', 1.0, 'Google Play', 'application');
INSERT INTO reviews VALUES ('bb270292-40a1-43fe-986c-0d7c9fbae106', 2, -1, 'it is exelent app', 1, '2026-02-20', 0, 'fr', '', NULL, FALSE, FALSE, FALSE, '', NULL, 'Google Play', '');
INSERT INTO reviews VALUES ('7128aedb-8f8f-47a7-a0cc-58cb324c2ff4', 2, 2, 'i give for this app 5 stars it''s fine and best application for all', 5, '2026-02-20', 1, 'en', 'positive', 0.9777, FALSE, FALSE, FALSE, 'Dashen Super App Feedback', 0.7983, 'Google Play', 'star fine application');
INSERT INTO reviews VALUES ('3cb20c7b-c66b-4661-ad21-d5b854b2c8ec', 2, 12, 'baste application in the world.', 5, '2026-02-20', 0, 'en', 'neutral', 0.718, FALSE, FALSE, FALSE, 'application | good | very | amazing', 0.4268, 'Google Play', 'baste application world');
INSERT INTO reviews VALUES ('2102a1c1-869d-4fea-b0f3-9e43b4e9e426', 2, 3, 'Safe easy to use', 5, '2026-02-20', 0, 'en', 'positive', 0.8052, FALSE, FALSE, FALSE, 'Speed and Convenience', 1.0, 'Google Play', 'safe easy');
INSERT INTO reviews VALUES ('3752fb24-f17e-47bd-969b-114486514b3c', 2, 3, 'its going well', 5, '2026-02-20', 0, 'en', 'positive', 0.9139, FALSE, FALSE, FALSE, 'Speed and Convenience', 1.0, 'Google Play', '');
INSERT INTO reviews VALUES ('45da0e88-1a70-4e74-8c72-1a5db90d072e', 2, 1, 'please fix the up. I can''t open or update. thank you', 3, '2026-02-20', 0, 'en', 'negative', 0.8291, FALSE, FALSE, FALSE, 'General Banking Experience', 1.0, 'Google Play', 'fix open update');
INSERT INTO reviews VALUES ('7380c2e1-3f01-4a32-91ed-8aef1fa82bf7', 2, 0, 'The app was useful but it doesn''t show commission prior to making transfer. I found it CHEATING. I recently transferred to other bank without knowing the commission to be deducted from my account and guest what 90 BIRR. Are you kidding me? This app is robbing us. IT MUST SHOW COMMISSION BEFORE CONF', 1, '2026-02-19', 96, 'en', 'negative', 0.8824, FALSE, FALSE, FALSE, 'General App Complaints', 0.9271, 'Google Play', 'useful commission prior transfer find cheat recently transfer commission deduct account guest birr kid rob commission confirmation service agree commission');
INSERT INTO reviews VALUES ('1ea6b6ce-b2e1-4834-81b8-b484e5715658', 2, 0, 'it is good app recently get doesn''t show me my price even not transfer to wallet and other bank though', 4, '2026-02-19', 5, 'en', 'positive', 0.5737, TRUE, FALSE, FALSE, 'General App Complaints', 1.0, 'Google Play', 'recently price transfer wallet');
INSERT INTO reviews VALUES ('b0cc4493-2163-4194-beab-a806e8e1e96c', 2, 10, 'this is the baddest app I have ever used!', 1, '2026-02-19', 0, 'en', 'negative', 0.9555, FALSE, FALSE, FALSE, 'Amharic Complaints', 1.0, 'Google Play', 'badd');
INSERT INTO reviews VALUES ('2ef0cb90-d5f3-4e87-8904-3837b06b9f1a', 2, -1, '👍', 5, '2026-02-19', 0, 'unknown', 'positive', 0.853, FALSE, TRUE, FALSE, 'Uncategorized', NULL, 'Google Play', '');
INSERT INTO reviews VALUES ('d1a23256-9099-47a2-b9bd-c4dd011c0a0a', 2, -1, '😍', 5, '2026-02-19', 0, 'unknown', 'positive', 0.9317, FALSE, TRUE, FALSE, 'Uncategorized', NULL, 'Google Play', '');
INSERT INTO reviews VALUES ('0168084a-7002-4753-bd9a-0fee10db9fdb', 2, 1, 'accessibility on iphone is very bad I go two times a month to reset because of sync issues it''s very terrible honestly very dissatisfied I suggest they work on iphone compatibility', 1, '2026-02-19', 4, 'en', 'negative', 0.9446, FALSE, FALSE, FALSE, 'General Banking Experience', 1.0, 'Google Play', 'accessibility iphone bad reset sync issue terrible honestly dissatisfied suggest work iphone compatibility');
INSERT INTO reviews VALUES ('695b7540-1dae-4211-93b4-97510faaddf7', 2, -1, 'verry usefull', 5, '2026-02-18', 0, 'no', '', NULL, FALSE, FALSE, FALSE, '', NULL, 'Google Play', '');
INSERT INTO reviews VALUES ('e1e2a119-50fd-44a7-88cb-78bc1ba2ece2', 2, 0, 'fix the bug there''s a bug it''s not letting me see or transfer my balance', 5, '2026-02-18', 2, 'en', 'negative', 0.8428, FALSE, FALSE, FALSE, 'General App Complaints', 0.9145, 'Google Play', 'fix bug bug let transfer balance');
INSERT INTO reviews VALUES ('d99c91a4-9075-49a0-956b-63f2492a5b0c', 2, -1, 'good apps', 4, '2026-02-18', 0, 'en', 'positive', 0.7814, FALSE, TRUE, FALSE, 'Uncategorized', NULL, 'Google Play', '');
INSERT INTO reviews VALUES ('1eb1e2e5-9913-482e-b2e1-58a713334f98', 2, -1, 'good👍', 5, '2026-02-17', 0, 'so', '', NULL, FALSE, TRUE, FALSE, '', NULL, 'Google Play', '');
INSERT INTO reviews VALUES ('a63f154d-9207-41a2-969c-e51ec65a6c6c', 2, 1, 'Great App!!! Some times it may become busy,but that is not Problem of the company that type of problem is network case....', 5, '2026-02-17', 2, 'en', 'positive', 0.5317, TRUE, FALSE, FALSE, 'General Banking Experience', 0.9036, 'Google Play', 'busy problem company type problem network case');
INSERT INTO reviews VALUES ('857a05cf-983c-46ed-bbe5-0150df0b0fca', 2, 3, 'I like it very much.Thank you', 5, '2026-02-17', 2, 'en', 'positive', 0.9764, FALSE, FALSE, FALSE, 'Speed and Convenience', 1.0, 'Google Play', 'much.thank');
INSERT INTO reviews VALUES ('a9de85f9-b349-49b4-a1f8-0f63c35e8223', 2, 2, 'it''s nice app for me', 5, '2026-02-17', 0, 'en', 'positive', 0.9582, FALSE, FALSE, FALSE, 'Dashen Super App Feedback', 0.8868, 'Google Play', '');
INSERT INTO reviews VALUES ('746d698a-bfb5-4ef2-a20d-7b438ebde097', 2, 1, 'please update and play working apk', 5, '2026-02-17', 2, 'en', 'neutral', 0.6071, TRUE, FALSE, FALSE, 'General Banking Experience', 0.8859, 'Google Play', 'update play working apk');
INSERT INTO reviews VALUES ('df20cbb3-6c0a-407b-9b4c-c761713ce51e', 1, -1, 'it crush every time you opend it it is hard to pay quickly or to access', 1, '2026-02-17', 4, 'en', 'negative', 0.8792, FALSE, FALSE, FALSE, 'Uncategorized', 0.0, 'Google Play', 'crush opend hard pay quickly access');
INSERT INTO reviews VALUES ('1beb64fd-523a-419b-9582-854903c5a4ea', 2, 2, 'very nice App', 5, '2026-02-17', 0, 'en', 'positive', 0.9462, FALSE, FALSE, FALSE, 'Dashen Super App Feedback', 1.0, 'Google Play', '');
INSERT INTO reviews VALUES ('17efaa0d-d3b9-4b0d-9411-df4bc8cb1afb', 2, 2, 'very nice app', 5, '2026-02-16', 0, 'en', 'positive', 0.9525, FALSE, FALSE, FALSE, 'Dashen Super App Feedback', 1.0, 'Google Play', '');
INSERT INTO reviews VALUES ('6162806f-09d2-4336-b555-528aac7a6aaa', 2, 8, 'the latest update makes the keyboard unpleasant and confusing.', 1, '2026-02-16', 2, 'en', 'negative', 0.9, FALSE, FALSE, FALSE, 'General Positive Feedback', 0.7763, 'Google Play', 'late update keyboard unpleasant confusing');
INSERT INTO reviews VALUES ('26442333-15b0-406c-8059-df9c4e90d9a4', 2, -1, 'best 👍', 5, '2026-02-16', 0, 'de', '', NULL, FALSE, TRUE, FALSE, '', NULL, 'Google Play', '');
INSERT INTO reviews VALUES ('15de8206-048c-4e3f-9c98-2ea23ba10262', 2, -1, 'technitional', 5, '2026-02-16', 0, 'en', 'neutral', 0.6451, TRUE, FALSE, FALSE, 'Uncategorized', 0.0, 'Google Play', 'technitional');
INSERT INTO reviews VALUES ('fc470dbd-d7b4-4496-b741-1c58a6353057', 3, 1, 'Mostly slow or doesn''t open altogether. A clumsy app', 2, '2026-02-16', 0, 'en', 'negative', 0.9245, FALSE, FALSE, FALSE, 'General Banking Experience', 1.0, 'Google Play', 'slow open altogether clumsy');
INSERT INTO reviews VALUES ('55a443bb-30cd-4cd3-8c42-10685b837b6a', 2, -1, 'great app', 5, '2026-02-16', 0, 'en', 'positive', 0.9484, FALSE, TRUE, FALSE, 'Uncategorized', NULL, 'Google Play', '');
INSERT INTO reviews VALUES ('c15244f8-25e1-4fca-9ed1-daf0e9ac0e2e', 1, 2, 'it is a best app', 5, '2026-02-15', 0, 'en', 'positive', 0.9806, FALSE, FALSE, FALSE, 'Dashen Super App Feedback', 1.0, 'Google Play', '');
INSERT INTO reviews VALUES ('0e3e7b35-16bf-4bee-9f10-d3c337a68cc5', 2, 2, 'it a best app', 5, '2026-02-15', 0, 'en', 'positive', 0.9738, FALSE, FALSE, FALSE, 'Dashen Super App Feedback', 0.9877, 'Google Play', '');
INSERT INTO reviews VALUES ('5bc9361c-080d-46e3-8671-94ac9f69c029', 1, 1, 'this app is useless, i try to use it but the app crash and log me out and this is happen again and again. i thought they will fix it on update but there is no update.', 1, '2026-02-15', 3, 'en', 'negative', 0.9498, FALSE, FALSE, FALSE, 'General Banking Experience', 0.9933, 'Google Play', 'useless try crash log happen think fix update update');
INSERT INTO reviews VALUES ('a65415a6-0045-4ae1-86b0-b8f84521d65f', 2, 1, 'not functional too boring', 5, '2026-02-14', 1, 'en', 'negative', 0.6754, FALSE, FALSE, FALSE, 'General Banking Experience', 0.6943, 'Google Play', 'functional boring');
INSERT INTO reviews VALUES ('7acfaf68-39b9-4f45-8834-38c22d9865e5', 2, 1, 'since the application updated, i couldn''t use the it properly . now it stucked and loading but not working I was even trying to contact thru online help/chat box on the app, but no one''s responding. such a poor service.', 1, '2026-02-14', 2, 'en', 'negative', 0.9401, FALSE, FALSE, FALSE, 'General Banking Experience', 0.9228, 'Google Play', 'application update properly stucke loading work try contact online help chat box respond poor service');
INSERT INTO reviews VALUES ('1ba4e503-560a-472f-b0eb-a729023e1eb8', 2, 0, 'nice bank and app', 4, '2026-02-13', 0, 'en', 'positive', 0.9155, FALSE, FALSE, FALSE, 'General App Complaints', 1.0, 'Google Play', '');
INSERT INTO reviews VALUES ('fd47e642-c12d-429f-8dd6-990f2794be59', 3, 0, 'This is painfully very slow to load, switch between accounts and check balances.', 1, '2026-02-13', 1, 'en', 'negative', 0.9208, FALSE, FALSE, FALSE, 'General App Complaints', 0.9291, 'Google Play', 'painfully slow load switch account check balance');
INSERT INTO reviews VALUES ('b0b83fc7-d960-4762-99da-78d0a8311997', 2, 3, 'that is very nice', 4, '2026-02-13', 0, 'en', 'positive', 0.9666, FALSE, FALSE, FALSE, 'Speed and Convenience', 1.0, 'Google Play', '');
INSERT INTO reviews VALUES ('0b9530f8-e07c-4ac8-8f00-68a21c870316', 2, 5, 'CBE Mobile Banking: Easy to Use! Fast, Efficient, "#All_in_One" Symbol - (Bank of Ethiopia)! Genuine & Huge Efforts in Progress to Modernize its Allrounded Services so as to Secure an Image/Symbol of Rise of Ethiopia, Like the EAL, GERD Jiants. Looking Forward to Seeing this Initiative Becomes a Rea', 5, '2026-02-12', 0, 'en', 'positive', 0.9202, FALSE, FALSE, FALSE, 'Amharic Reviews', 0.7596, 'Google Play', 'easy fast efficient all_in_one symbol ethiopia genuine huge effort progress modernize allrounde service secure image symbol rise ethiopia eal gerd jiant look forward see initiative reality soon');
INSERT INTO reviews VALUES ('6b984ad1-fe32-44ce-b986-1ccee30c4815', 2, -1, 'wow', 5, '2026-02-12', 0, 'pl', '', NULL, FALSE, TRUE, FALSE, '', NULL, 'Google Play', '');
INSERT INTO reviews VALUES ('249f5023-5355-4635-8055-e935b45dd967', 2, 10, 'look my app don,t hack', 5, '2026-02-12', 1, 'en', 'neutral', 0.4964, TRUE, FALSE, FALSE, 'Amharic Complaints', 0.4711, 'Google Play', 'look don hack');
INSERT INTO reviews VALUES ('bf2e202b-7375-4a82-b31d-339ea34aee94', 2, -1, 'Good banK', 5, '2026-02-12', 0, 'so', '', NULL, FALSE, TRUE, FALSE, '', NULL, 'Google Play', '');
INSERT INTO reviews VALUES ('510d6089-892a-496f-afc3-48fe1d126615', 2, 1, 'update error waiting the next update', 2, '2026-02-12', 1, 'en', 'negative', 0.5999, TRUE, FALSE, FALSE, 'General Banking Experience', 1.0, 'Google Play', 'update error wait update');
INSERT INTO reviews VALUES ('2b184e78-5b24-4948-af50-ea702dc35ebd', 1, 1, 'It’s very hard, it’s not working.👎👎', 1, '2026-02-11', 0, 'en', 'negative', 0.903, FALSE, FALSE, FALSE, 'General Banking Experience', 1.0, 'Google Play', 'hard work');
INSERT INTO reviews VALUES ('1faac77f-3c1e-44fe-b0e0-048cc09d1553', 2, 3, 'very satisfied with it', 5, '2026-02-11', 0, 'en', 'positive', 0.9669, FALSE, FALSE, FALSE, 'Speed and Convenience', 1.0, 'Google Play', 'satisfied');
INSERT INTO reviews VALUES ('686bf29c-9446-405a-81c3-1f2bbf1edc5e', 2, 2, 'Thanks for this convenient and simple and very reliable application.', 5, '2026-02-11', 9, 'en', 'positive', 0.9759, FALSE, FALSE, FALSE, 'Dashen Super App Feedback', 0.6391, 'Google Play', 'convenient simple reliable application');
INSERT INTO reviews VALUES ('cb169d41-a223-4ae4-a999-71e4567c7bd7', 2, -1, 'fast', 5, '2026-02-11', 1, 'it', '', NULL, FALSE, TRUE, FALSE, '', NULL, 'Google Play', '');
INSERT INTO reviews VALUES ('f859692d-72e3-4416-b100-06125b56b9b4', 2, 3, 'It is excellent.', 5, '2026-02-10', 0, 'en', 'positive', 0.9667, FALSE, FALSE, FALSE, 'Speed and Convenience', 1.0, 'Google Play', 'excellent');
INSERT INTO reviews VALUES ('f0046583-31fc-44c5-b397-a2216ab5e2db', 2, 2, 'i heat app', 2, '2026-02-10', 1, 'en', 'neutral', 0.6976, FALSE, FALSE, FALSE, 'Dashen Super App Feedback', 1.0, 'Google Play', 'heat');
INSERT INTO reviews VALUES ('73b19087-f6bf-4ac8-8345-323ea1d79e9c', 2, 1, 'the latest version is worse. not working at all', 1, '2026-02-10', 2, 'en', 'negative', 0.9494, FALSE, FALSE, FALSE, 'General Banking Experience', 0.9501, 'Google Play', 'late version bad work');
INSERT INTO reviews VALUES ('50722d16-42ad-4232-94af-f83502fddb35', 2, -1, 'daown load', 1, '2026-02-10', 1, 'cy', '', NULL, FALSE, FALSE, FALSE, '', NULL, 'Google Play', '');
INSERT INTO reviews VALUES ('12090924-fdd9-4662-88a4-b085eac604eb', 3, 0, 'the app used to work fine, but the last update ruined something even RTGS transfer isn''t working', 2, '2026-02-10', 0, 'en', 'negative', 0.8419, FALSE, FALSE, FALSE, 'General App Complaints', 0.9487, 'Google Play', 'work fine update ruin rtgs transfer work');
INSERT INTO reviews VALUES ('199f8774-a008-4b97-9981-35d7ce1cfb64', 1, 1, 'some time the app would have been a problem to open', 5, '2026-02-10', 0, 'en', 'negative', 0.6927, FALSE, FALSE, FALSE, 'General Banking Experience', 1.0, 'Google Play', 'problem open');
INSERT INTO reviews VALUES ('822dbefa-4722-4e9a-a0f5-61116f2b25e1', 2, -1, 'there is no enter button on the login', 1, '2026-02-10', 1, 'en', 'neutral', 0.7049, FALSE, FALSE, FALSE, 'Uncategorized', 0.0, 'Google Play', 'enter button login');
INSERT INTO reviews VALUES ('db7d25e9-e367-44c2-b1a1-86218b21dd10', 2, 5, 'Easy, fast and secure app thanks Comercial bank of Ethiopia( CBE NOOR)', 5, '2026-02-09', 3, 'en', 'positive', 0.8576, FALSE, FALSE, FALSE, 'Amharic Reviews', 1.0, 'Google Play', 'easy fast secure comercial ethiopia noor');
INSERT INTO reviews VALUES ('b7252b31-b7ec-43a6-8638-e23557e38298', 2, 3, 'Thank you CBE it is very better', 5, '2026-02-09', 0, 'en', 'positive', 0.9783, FALSE, FALSE, FALSE, 'Speed and Convenience', 0.9651, 'Google Play', 'well');
INSERT INTO reviews VALUES ('bd8c6a8d-0355-495c-bd7e-ecb4e78f175d', 2, 0, 'I could get a zero for this app if I could. You can''t have a statement to view your past transactions filtered by anything. Information is incorrect when you view your statement that is available to you. Hire good project managers and developers to give your customers acceptable level of service. E', 1, '2026-02-09', 161, 'en', 'negative', 0.8622, FALSE, FALSE, FALSE, 'General App Complaints', 0.8298, 'Google Play', 'zero statement view past transaction filter information incorrect view statement available hire project manager developer customer acceptable level service ethiopia smart people stone age level compat');
INSERT INTO reviews VALUES ('cd1fb73e-591a-41b6-b763-4a45eaec28d1', 3, 1, 'The app is good but sometimes it is lagging', 4, '2026-02-09', 0, 'en', 'neutral', 0.4143, TRUE, FALSE, FALSE, 'General Banking Experience', 1.0, 'Google Play', 'lag');
INSERT INTO reviews VALUES ('c0783bf0-e317-45e9-9c89-98c8d7da3b7b', 3, 0, 'Problem Everyday! Not even close to other banking apps. Crashing every time and failed to load most of the time!', 1, '2026-02-09', 1, 'en', 'negative', 0.9261, FALSE, FALSE, FALSE, 'General App Complaints', 0.8656, 'Google Play', 'problem everyday close crash fail load');
INSERT INTO reviews VALUES ('098890bb-bbf3-4ea3-992b-f148d4d6ed73', 2, 2, 'the best app', 5, '2026-02-09', 0, 'en', 'positive', 0.9732, FALSE, FALSE, FALSE, 'Dashen Super App Feedback', 1.0, 'Google Play', '');
INSERT INTO reviews VALUES ('66fff829-d44c-41f9-a015-ae4756e3513f', 3, 1, 'please fix the glitch it has bug', 3, '2026-02-09', 0, 'en', 'negative', 0.8458, FALSE, FALSE, FALSE, 'General Banking Experience', 0.8605, 'Google Play', 'fix glitch bug');
INSERT INTO reviews VALUES ('d1933754-876e-4221-9e3c-15a350bc960c', 2, 0, 'It only shows recent transactions, it does not show old transactions when we want to check.', 3, '2026-02-09', 8, 'en', 'neutral', 0.6387, TRUE, FALSE, FALSE, 'General App Complaints', 0.9824, 'Google Play', 'show recent transaction old transaction check');
INSERT INTO reviews VALUES ('36583bc7-7d90-4df8-a0c3-3e34840930b6', 2, -1, 'thank you', 5, '2026-02-08', 0, 'en', 'positive', 0.8159, FALSE, TRUE, FALSE, 'Uncategorized', NULL, 'Google Play', '');
INSERT INTO reviews VALUES ('199cc660-2289-46c2-946c-22fab22be5ba', 2, -1, 'Best app', 5, '2026-02-07', 0, 'fr', '', NULL, FALSE, TRUE, FALSE, '', NULL, 'Google Play', '');
INSERT INTO reviews VALUES ('b2543464-6b47-416c-9427-f5f350d965ea', 2, -1, 'good app', 3, '2026-02-07', 0, 'en', 'positive', 0.9086, FALSE, TRUE, FALSE, 'Uncategorized', NULL, 'Google Play', '');
INSERT INTO reviews VALUES ('dae5e8ea-14d8-4acd-9849-28b6abe63ebe', 2, 1, 'I can''t update this app so would you help me please', 5, '2026-02-07', 2, 'en', 'negative', 0.4996, TRUE, FALSE, FALSE, 'General Banking Experience', 1.0, 'Google Play', 'update help');
INSERT INTO reviews VALUES ('e707f587-634d-49e5-a00e-d4687a003916', 3, 0, 'This is the worst mobile banking app I''ve ever used 😡 please improve it.', 1, '2026-02-07', 3, 'en', 'negative', 0.9614, FALSE, FALSE, FALSE, 'General App Complaints', 1.0, 'Google Play', 'bad improve');
INSERT INTO reviews VALUES ('be813f1d-5060-452f-be52-f2b39fceff63', 2, -1, 'Excellent !', 5, '2026-02-07', 0, 'ca', '', NULL, FALSE, FALSE, FALSE, '', NULL, 'Google Play', '');
INSERT INTO reviews VALUES ('b7c7e388-c6aa-44a0-89ab-2b5b3259ff1c', 2, 0, 'in the new update. money transfer part is hiddeing some numbers and button .it not showing for small device . can you make page see all numbers for small frame device .fix error', 3, '2026-02-07', 1, 'en', 'negative', 0.7106, FALSE, FALSE, FALSE, 'General App Complaints', 0.7133, 'Google Play', 'update money transfer hiddee number button .it show small device page number small frame device .fix error');
INSERT INTO reviews VALUES ('72c37247-bc96-4fee-bf0e-a91deb04bc42', 2, 8, 'The application is generally very good and reliable. It offers smooth operations and better functionality compared to many similar apps. However, after the recent update, the keyboard behavior is not as convenient as before—it seems to have adapted new features that affect typing comfort. Aside from', 4, '2026-02-07', 1, 'en', 'positive', 0.8354, FALSE, FALSE, FALSE, 'General Positive Feedback', 0.7763, 'Google Play', 'application generally reliable offer smooth operation well functionality compare similar recent update keyboard behavior convenient adapt feature affect type comfort aside issue overall performance se');
INSERT INTO reviews VALUES ('8562af42-ceb1-4015-b2f1-10732a0f5ace', 2, -1, 'Useful app.', 5, '2026-02-07', 0, 'ro', '', NULL, FALSE, FALSE, FALSE, '', NULL, 'Google Play', '');
INSERT INTO reviews VALUES ('b1d4b1db-7a11-4531-93b6-9c16819c669d', 2, 9, 'very good bank thanks', 5, '2026-02-07', 0, 'en', 'positive', 0.9521, FALSE, FALSE, FALSE, 'CBE Specific Feedback', 1.0, 'Google Play', '');
INSERT INTO reviews VALUES ('31411508-aaf8-4fc9-bf6a-ad4505a1d766', 2, -1, 'beast', 5, '2026-02-07', 1, 'en', 'neutral', 0.5197, TRUE, TRUE, FALSE, 'Uncategorized', NULL, 'Google Play', 'beast');
INSERT INTO reviews VALUES ('414528cb-b3f9-47ad-b88c-aa9bad169872', 2, 0, 'pls update my cbe mobile banking', 3, '2026-02-07', 2, 'en', 'neutral', 0.7348, FALSE, FALSE, FALSE, 'General App Complaints', 0.7858, 'Google Play', 'pls update');
INSERT INTO reviews VALUES ('1bec9319-50e4-45d7-be52-9919d32835d9', 2, 10, 'The worst developers', 1, '2026-02-06', 1, 'en', 'negative', 0.9249, FALSE, FALSE, FALSE, 'Amharic Complaints', 0.5803, 'Google Play', 'bad developer');
INSERT INTO reviews VALUES ('f0c1a344-c975-4877-b1e9-18ec102f734e', 2, 0, 'tje new app have a problem to display all the numbers. I can''t able to pay for utilities particularly for water bill as all the ten numbers 0 to 9 doesn''t appear to enter the pin code.', 2, '2026-02-06', 16, 'en', 'negative', 0.864, FALSE, FALSE, FALSE, 'General App Complaints', 0.7279, 'Google Play', 'tje problem display number able pay utility particularly water bill number appear enter pin code');
INSERT INTO reviews VALUES ('ce066ef4-aa69-4c51-bb38-03add15be2a0', 2, 11, 'cbe best application', 4, '2026-02-06', 1, 'en', 'positive', 0.8243, FALSE, FALSE, FALSE, 'cbe | app | the | is', 1.0, 'Google Play', 'application');
INSERT INTO reviews VALUES ('6eb1f833-81cb-4390-8de1-c780365d4f94', 2, 3, 'Actually you are good', 5, '2026-02-06', 1, 'en', 'positive', 0.9301, FALSE, FALSE, FALSE, 'Speed and Convenience', 1.0, 'Google Play', 'actually');
INSERT INTO reviews VALUES ('54249e8a-f1a7-4150-9719-2fc413ec923d', 2, -1, 'worst update ever', 1, '2026-02-06', 2, 'nl', '', NULL, FALSE, FALSE, FALSE, '', NULL, 'Google Play', '');
INSERT INTO reviews VALUES ('f4b55343-45c6-4087-a8eb-108abaaf9553', 2, 8, 'after recent update it''s the worst app forever I will give 00000 star because it hides the keyboard', 1, '2026-02-06', 3, 'en', 'negative', 0.958, FALSE, FALSE, FALSE, 'General Positive Feedback', 0.7763, 'Google Play', 'recent update bad forever 00000 star hide keyboard');
INSERT INTO reviews VALUES ('3850243b-6738-4343-8b8d-67e37d1afa1e', 2, 3, 'Enjoyed it', 5, '2026-02-06', 2, 'en', 'positive', 0.9443, FALSE, FALSE, FALSE, 'Speed and Convenience', 1.0, 'Google Play', 'enjoy');
INSERT INTO reviews VALUES ('541b3814-3e28-4ced-ae55-f4eba5433946', 2, 2, 'waw bast app', 5, '2026-02-06', 0, 'en', 'neutral', 0.4547, TRUE, FALSE, FALSE, 'Dashen Super App Feedback', 1.0, 'Google Play', 'waw bast');
INSERT INTO reviews VALUES ('25813b3a-dd96-44fd-b60f-ef72976610ad', 2, 2, 'amazing app I ever used, keep it up', 5, '2026-02-06', 0, 'en', 'positive', 0.9875, FALSE, FALSE, FALSE, 'Dashen Super App Feedback', 1.0, 'Google Play', 'amazing');
INSERT INTO reviews VALUES ('7583efa4-6a79-4424-948d-b0cc2a729fde', 2, 0, '"Excellent app! It’s very reliable, but it would be even better if it included a feature to transfer money directly from a personal bank account to someone else''s Telebirr wallet. That would make it a complete game-changer."', 5, '2026-02-06', 330, 'en', 'positive', 0.9785, FALSE, FALSE, FALSE, 'General App Complaints', 0.6849, 'Google Play', 'excellent reliable well include feature transfer money directly personal account telebirr wallet complete game changer');
INSERT INTO reviews VALUES ('419abb64-fbb0-41dc-923b-5e61cd6678cc', 2, 2, 'its great and easy to use app i appreciate', 5, '2026-02-06', 0, 'en', 'positive', 0.9845, FALSE, FALSE, FALSE, 'Dashen Super App Feedback', 1.0, 'Google Play', 'easy appreciate');
INSERT INTO reviews VALUES ('4ee49251-3220-44f2-91e9-d2ae97872527', 2, -1, 'Great', 5, '2026-02-06', 1, 'en', 'positive', 0.7566, FALSE, TRUE, FALSE, 'Uncategorized', NULL, 'Google Play', '');
INSERT INTO reviews VALUES ('90546dce-8d83-42eb-8a52-ec55b8651d3c', 2, 3, 'God Blessed', 5, '2026-02-06', 0, 'en', 'positive', 0.9432, FALSE, FALSE, FALSE, 'Speed and Convenience', 1.0, 'Google Play', 'god bless');
INSERT INTO reviews VALUES ('21f68bc4-cfe6-4097-b357-4f45a7520a36', 2, 0, 'Realtime balance updating is poor', 4, '2026-02-06', 1, 'en', 'negative', 0.8698, FALSE, FALSE, FALSE, 'General App Complaints', 0.8987, 'Google Play', 'realtime balance updating poor');
INSERT INTO reviews VALUES ('43f6f528-e49a-4712-96be-3b18ec180ddc', 2, 3, 'spashial one', 5, '2026-02-06', 0, 'en', 'neutral', 0.7838, FALSE, FALSE, FALSE, 'Speed and Convenience', 0.6517, 'Google Play', 'spashial');
INSERT INTO reviews VALUES ('7fce383e-e680-4238-ab01-b6a4aceb3b9e', 2, -1, 'አአጨጨ', 5, '2026-02-06', 1, 'unknown', 'neutral', 0.8011, FALSE, TRUE, FALSE, 'Uncategorized', NULL, 'Google Play', 'አአጨጨ');
INSERT INTO reviews VALUES ('da65bdc9-7991-4b62-8150-0706c44e8cef', 2, -1, 'I was using it properly but now it has stopped working for me and I have no money to send and we are in trouble .the problem is the weak internet power. search for #unbeltu connect and pass it on.I can''t understand the problem so I want to ask you to help me', 5, '2026-02-06', 8, 'en', 'negative', 0.9197, FALSE, FALSE, FALSE, 'Uncategorized', 0.0, 'Google Play', 'properly stop work money send trouble .the problem weak internet power search unbeltu connect pass on.i understand problem ask help');
INSERT INTO reviews VALUES ('5123c7a9-4a03-48de-baaf-1ed3f29b1a61', 2, 1, 'don''t work for my phone', 1, '2026-02-05', 1, 'en', 'negative', 0.5879, TRUE, FALSE, FALSE, 'General Banking Experience', 0.6817, 'Google Play', 'work phone');
INSERT INTO reviews VALUES ('41d97e19-e06a-4186-95b2-b543d113af8f', 2, -1, 'finw', 5, '2026-02-05', 0, 'cy', '', NULL, FALSE, TRUE, FALSE, '', NULL, 'Google Play', '');
INSERT INTO reviews VALUES ('ff6f1fb4-db16-4368-b5ef-9e732284e33f', 2, 3, 'Very important', 5, '2026-02-05', 0, 'en', 'positive', 0.7234, FALSE, FALSE, FALSE, 'Speed and Convenience', 0.7843, 'Google Play', 'important');
INSERT INTO reviews VALUES ('6dade3a4-0b6e-4725-bf97-d83494045e03', 2, 8, 'the receipt update interface is so annoying specially when you try to put pin number it need fixing', 3, '2026-02-05', 0, 'en', 'negative', 0.9182, FALSE, FALSE, FALSE, 'General Positive Feedback', 0.9794, 'Google Play', 'receipt update interface annoying specially try pin number fix');
INSERT INTO reviews VALUES ('18182687-f81e-487a-af30-4e76f9c71c7f', 2, -1, 'exceptional', 5, '2026-02-05', 1, 'fr', '', NULL, FALSE, FALSE, FALSE, '', NULL, 'Google Play', '');
INSERT INTO reviews VALUES ('b24e8872-12cd-464b-a62b-03d0d033e35f', 2, -1, 'normal', 5, '2026-02-05', 0, 'pt', '', NULL, FALSE, TRUE, FALSE, '', NULL, 'Google Play', '');
INSERT INTO reviews VALUES ('9337cbc9-ecd8-4cea-b09d-2e69c1a4c465', 2, 2, 'it is good App', 5, '2026-02-05', 0, 'en', 'positive', 0.9052, FALSE, FALSE, FALSE, 'Dashen Super App Feedback', 1.0, 'Google Play', '');
INSERT INTO reviews VALUES ('8ea76e03-4acd-4e66-bc49-f478f856d7fe', 2, 1, 'I cannot use this app right now. I don''t now why the reason is.', 2, '2026-02-05', 0, 'en', 'negative', 0.9303, FALSE, FALSE, FALSE, 'General Banking Experience', 0.9193, 'Google Play', 'right reason');
INSERT INTO reviews VALUES ('ff1ee238-a94d-48ec-bdd1-ec6e275cc34c', 2, 2, 'this apps very simple for use', 5, '2026-02-05', 0, 'en', 'positive', 0.9191, FALSE, FALSE, FALSE, 'Dashen Super App Feedback', 1.0, 'Google Play', 'simple');
INSERT INTO reviews VALUES ('3885368d-9a61-46bf-8c9c-aa5f33146bde', 2, 3, 'easy and fast thank you for your support', 5, '2026-02-05', 3, 'en', 'positive', 0.9801, FALSE, FALSE, FALSE, 'Speed and Convenience', 1.0, 'Google Play', 'easy fast support');
INSERT INTO reviews VALUES ('f3a98273-0e23-44a0-b6dd-c5265cc7fa07', 2, -1, 'Ok', 4, '2026-02-05', 1, 'af', '', NULL, FALSE, TRUE, FALSE, '', NULL, 'Google Play', '');
INSERT INTO reviews VALUES ('92403104-d0ba-4224-93f3-760bfd677df6', 2, 1, 'this is a stupid app I have ever seen. what a bad experience I can''t even logged in. 😕', 1, '2026-02-05', 3, 'en', 'negative', 0.9611, FALSE, FALSE, FALSE, 'General Banking Experience', 0.6852, 'Google Play', 'stupid see bad experience log');
INSERT INTO reviews VALUES ('0092fdd2-3371-4a72-b163-007e041364b3', 2, 3, 'good experience', 5, '2026-02-05', 0, 'en', 'positive', 0.9378, FALSE, FALSE, FALSE, 'Speed and Convenience', 0.8765, 'Google Play', 'experience');
INSERT INTO reviews VALUES ('1273b06d-7a7e-4a61-bc94-c6f313a61a77', 2, 1, 'is not working for me usually', 2, '2026-02-05', 1, 'en', 'negative', 0.6064, TRUE, FALSE, FALSE, 'General Banking Experience', 1.0, 'Google Play', 'work usually');
INSERT INTO reviews VALUES ('86b82a8d-2741-4c8a-9783-25438419de6b', 2, 8, 'Genuinely what has this new update brought us? what kind of number pad starts with 0? like come on this is this supposed to be the nation''s biggest bank? sack your developer teams. A junior dev would know how properly put a number pad.', 1, '2026-02-05', 1, 'en', 'negative', 0.9038, FALSE, FALSE, FALSE, 'General Positive Feedback', 1.0, 'Google Play', 'genuinely update bring kind number pad start come suppose nation big sack developer team junior dev properly number pad');
INSERT INTO reviews VALUES ('4308ee23-df37-443d-aabf-0c617ba2083d', 2, -1, 'very intersting', 5, '2026-02-05', 0, 'af', '', NULL, FALSE, FALSE, FALSE, '', NULL, 'Google Play', '');
INSERT INTO reviews VALUES ('0a152e24-864d-4411-868d-1b41fff55bdf', 2, 0, 'To the Commercial Bank of Ethiopia (CBE), I am writing to express my concern regarding the recent update to the CBE Mobile Banking application. Since the update, the application has not been functioning properly and is significantly worse than the previous version. As a customer of CBE, I find the n', 5, '2026-02-05', 583, 'en', 'negative', 0.8866, FALSE, FALSE, FALSE, 'General App Complaints', 0.6841, 'Google Play', 'commercial ethiopia write express concern recent update application update application function properly significantly bad previous version customer find frustrating inconvenient example enter passwor');
INSERT INTO reviews VALUES ('dd5193d4-3d3a-492f-a309-e45bc0b149b8', 2, 0, 'I am very happy and glad to have mobile banking...', 1, '2026-02-04', 0, 'en', 'positive', 0.9871, FALSE, FALSE, FALSE, 'General App Complaints', 1.0, 'Google Play', 'happy glad');
INSERT INTO reviews VALUES ('5ccae19d-f3a0-45ec-aee2-1eb2d782104e', 2, 6, 'በጣም የምወደው አይ ነው አሁን አፕዴት አአርጌው እየሰራ አይደለም', 5, '2026-02-04', 0, 'unknown', 'neutral', 0.7066, FALSE, FALSE, FALSE, 'Developer Options and Settings', 0.5833, 'Google Play', 'በጣም የምወደው አሁን አፕዴት አአርጌው እየሰራ አይደለም');
INSERT INTO reviews VALUES ('1119a173-9ddb-442b-a7dd-e3f26d064861', 2, -1, 'Wonderful', 5, '2026-02-04', 0, 'de', '', NULL, FALSE, TRUE, FALSE, '', NULL, 'Google Play', '');
INSERT INTO reviews VALUES ('d5ee7c9e-25c1-4313-a342-1a5fcea07f88', 2, -1, 'mobail baking appii', 1, '2026-02-04', 0, 'tl', '', NULL, FALSE, FALSE, FALSE, '', NULL, 'Google Play', '');
INSERT INTO reviews VALUES ('2ab4076c-2624-4003-9dd2-d7956f4a31c1', 2, 4, 'Hello guys. The frequently updating is very essential for mobile banking. But please learn many experiences from Dashen Mobile Banking Supper app how much safe, efficient and user friendly and convenient it is. please just make similar super app.', 4, '2026-02-04', 2, 'en', 'positive', 0.9257, FALSE, FALSE, FALSE, 'Positive General Feedback', 1.0, 'Google Play', 'hello guy frequently update essential learn experience supper safe efficient user friendly convenient similar super');
INSERT INTO reviews VALUES ('38d1eec1-0c5e-4024-8da5-2fe6b2e0f222', 2, -1, '💯', 4, '2026-02-04', 1, 'unknown', 'positive', 0.4897, TRUE, TRUE, FALSE, 'Uncategorized', NULL, 'Google Play', '');
INSERT INTO reviews VALUES ('abc6a752-04d3-4fcc-8ee9-5457b08de199', 2, 8, 'good but the new keyboard experience is something lacking', 4, '2026-02-04', 5, 'en', 'negative', 0.6197, TRUE, FALSE, FALSE, 'General Positive Feedback', 0.7763, 'Google Play', 'keyboard experience lack');
INSERT INTO reviews VALUES ('f96f72ab-2eb8-44ef-b18a-c7737b24adb0', 2, -1, 'Tele birr is much better', 2, '2026-02-04', 0, 'de', '', NULL, FALSE, FALSE, FALSE, '', NULL, 'Google Play', '');
INSERT INTO reviews VALUES ('3813c649-e7d4-4fce-844a-73e4264bb911', 2, 1, 'what is wrong with this app it''s ask me update every time i used it update update ... how it''s work like ths', 1, '2026-02-04', 2, 'en', 'negative', 0.9191, FALSE, FALSE, FALSE, 'General Banking Experience', 0.9915, 'Google Play', 'wrong ask update update update work');
INSERT INTO reviews VALUES ('ff69decd-94f7-4ccf-a332-e639d1d2c00a', 2, 12, 'Iam very satisfied with this application', 5, '2026-02-04', 1, 'en', 'positive', 0.9794, FALSE, FALSE, FALSE, 'application | good | very | amazing', 1.0, 'Google Play', 'iam satisfied application');
INSERT INTO reviews VALUES ('8348a17e-21f1-4a73-b2ce-190aab6f704b', 2, 3, 'most probably good.', 3, '2026-02-04', 1, 'en', 'positive', 0.8216, FALSE, FALSE, FALSE, 'Speed and Convenience', 0.926, 'Google Play', 'probably');
INSERT INTO reviews VALUES ('7ed212d9-2784-4702-b876-a5df9cb10901', 2, -1, 'best ever', 5, '2026-02-04', 0, 'da', '', NULL, FALSE, TRUE, FALSE, '', NULL, 'Google Play', '');
INSERT INTO reviews VALUES ('6d74b4d9-9f1b-4871-8a6e-a113e564e54a', 2, 3, 'i think easy and good new modification', 5, '2026-02-04', 0, 'en', 'positive', 0.8973, FALSE, FALSE, FALSE, 'Speed and Convenience', 0.746, 'Google Play', 'think easy modification');
INSERT INTO reviews VALUES ('40244047-cb6f-4494-85f5-66e4cc5d7420', 2, -1, 'good quality', 5, '2026-02-03', 2, 'so', '', NULL, FALSE, FALSE, FALSE, '', NULL, 'Google Play', '');
INSERT INTO reviews VALUES ('662a599e-67d9-41c4-8668-a9cc8f4e3d76', 2, 2, 'the best app I have ever seen', 5, '2026-02-03', 2, 'en', 'positive', 0.9832, FALSE, FALSE, FALSE, 'Dashen Super App Feedback', 1.0, 'Google Play', 'see');
INSERT INTO reviews VALUES ('bf99d49f-1396-48f2-ba5a-8d99afbf1991', 2, 1, 'the application is not working', 5, '2026-02-03', 0, 'en', 'negative', 0.6595, FALSE, FALSE, FALSE, 'General Banking Experience', 1.0, 'Google Play', 'application work');
INSERT INTO reviews VALUES ('db51bf02-730a-4a18-a0fe-f4523a5b7d59', 3, 5, 'The most realistic and modernized financial service in ethiopia i recommend every individual to use this application probably. Always one step ahed 💯', 5, '2026-02-03', 0, 'en', 'positive', 0.9734, FALSE, FALSE, FALSE, 'Amharic Reviews', 0.9493, 'Google Play', 'realistic modernized financial service ethiopia recommend individual application probably step ahe');
INSERT INTO reviews VALUES ('7ee77263-d15c-4bd8-9d54-298b9710a191', 2, -1, 'Nice app', 5, '2026-02-03', 0, 'it', '', NULL, FALSE, TRUE, FALSE, '', NULL, 'Google Play', '');
INSERT INTO reviews VALUES ('9e80832f-cddb-446d-891a-0cc61044cf83', 2, 3, 'I very much thanks again and again.', 5, '2026-02-03', 2, 'en', 'positive', 0.9721, FALSE, FALSE, FALSE, 'Speed and Convenience', 0.7698, 'Google Play', '');
INSERT INTO reviews VALUES ('af0a4d1d-b254-4967-b163-aa40f6b51b6d', 2, -1, 'Great application for me,So I would like to rate with 3 star.B/c it doesn''t work since this week. So would you fix the issues.', 5, '2026-02-03', 57, 'en', 'positive', 0.5749, TRUE, FALSE, FALSE, 'Uncategorized', 0.0, 'Google Play', 'application rate star.b work week fix issue');
INSERT INTO reviews VALUES ('fb9104e7-26b3-4a35-a1b4-177e6410f20e', 2, -1, 'Ok thanks .', 5, '2026-02-03', 0, 'af', '', NULL, FALSE, FALSE, FALSE, '', NULL, 'Google Play', '');
INSERT INTO reviews VALUES ('3193c745-c522-4589-a5a6-03af30e6d473', 2, 8, 'it is terrible. the new update shows your pin', 1, '2026-02-03', 0, 'en', 'negative', 0.9388, FALSE, FALSE, FALSE, 'General Positive Feedback', 1.0, 'Google Play', 'terrible update show pin');
INSERT INTO reviews VALUES ('a0bf4d2c-73ce-45aa-a444-42f1479dc83f', 2, 2, 'not comparable with this device', 5, '2026-02-03', 2, 'en', 'neutral', 0.5061, TRUE, FALSE, FALSE, 'Dashen Super App Feedback', 0.6195, 'Google Play', 'comparable device');
INSERT INTO reviews VALUES ('437e852f-c838-477c-baee-7fe80a1599e9', 2, -1, '🥰🥰🥰🥰🥰', 5, '2026-02-03', 0, 'unknown', 'positive', 0.9815, FALSE, TRUE, FALSE, 'Uncategorized', NULL, 'Google Play', '');
INSERT INTO reviews VALUES ('918fc1bc-8054-4699-8f31-971e5a19930e', 2, 14, 'እየሰራ አይደለም', 1, '2026-02-03', 0, 'unknown', 'neutral', 0.7676, FALSE, FALSE, FALSE, 'አይሰራም | በጣም | ለምንድነው | መሆንሁ', 1.0, 'Google Play', 'እየሰራ አይደለም');
INSERT INTO reviews VALUES ('fb955d85-3a17-4c39-80c8-a9d967ecab8f', 2, 1, 'this is the worst update, what have you done with the resolution haven''t you tested it or what', 1, '2026-02-03', 0, 'en', 'negative', 0.9498, FALSE, FALSE, FALSE, 'General Banking Experience', 1.0, 'Google Play', 'bad update resolution test');
INSERT INTO reviews VALUES ('947f41d3-8d10-4a9b-b499-785400609a39', 2, 1, 'how to open', 5, '2026-02-03', 0, 'en', 'neutral', 0.8197, FALSE, FALSE, FALSE, 'General Banking Experience', 1.0, 'Google Play', 'open');
INSERT INTO reviews VALUES ('bd1956bd-247e-46ea-87a1-fc905999dbaa', 2, 7, 'the feature is not desplay fully on screen', 1, '2026-02-03', 1, 'en', 'neutral', 0.6118, TRUE, FALSE, FALSE, 'PIN and Keyboard Issues', 0.4181, 'Google Play', 'feature desplay fully screen');
INSERT INTO reviews VALUES ('afb76239-37d3-485c-96c3-e2b03573f7de', 2, -1, 'it is good', 3, '2026-02-03', 0, 'af', '', NULL, FALSE, FALSE, FALSE, '', NULL, 'Google Play', '');
INSERT INTO reviews VALUES ('3e3f5f99-6936-4e16-8758-22e9e2162f87', 1, 0, 'Its not work accurately please improve your mobile banking', 1, '2026-02-03', 0, 'en', 'negative', 0.8633, FALSE, FALSE, FALSE, 'General App Complaints', 1.0, 'Google Play', 'work accurately improve');
INSERT INTO reviews VALUES ('07f93727-e5ba-451f-908d-3d7daac6b9a7', 2, 1, 'since it''s updated it''s not working.', 1, '2026-02-03', 2, 'en', 'negative', 0.7179, FALSE, FALSE, FALSE, 'General Banking Experience', 1.0, 'Google Play', 'update work');
INSERT INTO reviews VALUES ('a2276c27-40e7-41db-8b9a-472a8f049697', 2, 3, 'Thank you for the service', 2, '2026-02-02', 0, 'en', 'positive', 0.8939, FALSE, FALSE, FALSE, 'Speed and Convenience', 1.0, 'Google Play', 'service');
INSERT INTO reviews VALUES ('a40f9290-f536-4d09-97de-8df724456903', 2, 1, 'not functional why in a digital centure useless app too shame...', 1, '2026-02-02', 0, 'en', 'negative', 0.939, FALSE, FALSE, FALSE, 'General Banking Experience', 0.6877, 'Google Play', 'functional digital centure useless shame');
INSERT INTO reviews VALUES ('039e5861-cb82-4ed3-87b9-99fd0b70ab45', 2, 1, 'it is not working properly in my phone', 2, '2026-02-02', 0, 'en', 'negative', 0.6778, FALSE, FALSE, FALSE, 'General Banking Experience', 0.7012, 'Google Play', 'work properly phone');
INSERT INTO reviews VALUES ('a89fe28f-1a5f-4304-a31d-cd18db0947f6', 2, 2, 'It is Best but I need compatible application for this device', 5, '2026-02-02', 0, 'en', 'positive', 0.5712, TRUE, FALSE, FALSE, 'Dashen Super App Feedback', 0.6067, 'Google Play', 'compatible application device');
INSERT INTO reviews VALUES ('c30dbd2e-2b50-4802-937a-f3d5ce66c22e', 3, 3, 'It''s very interesting', 5, '2026-02-02', 0, 'en', 'positive', 0.9525, FALSE, FALSE, FALSE, 'Speed and Convenience', 1.0, 'Google Play', 'interesting');
INSERT INTO reviews VALUES ('1551694e-be02-4a61-a342-f4e925e6fbab', 2, -1, 'cbe godd', 5, '2026-02-02', 0, 'cy', '', NULL, FALSE, TRUE, FALSE, '', NULL, 'Google Play', '');
INSERT INTO reviews VALUES ('52f1bf2f-8795-419c-b866-f532776f3895', 2, 11, 'The previous version of the CBE application was relatively better. Recently, I was prompted to take some time to update it, and I did. However, since then, it hasn''t worked, even when logging in to the app. My attempts to contact customer service were unsuccessful. What shame on the developer and t', 1, '2026-02-02', 622, 'en', 'negative', 0.7327, FALSE, FALSE, FALSE, 'cbe | app | the | is', 1.0, 'Google Play', 'previous version application relatively well recently prompt update work log attempt contact customer service unsuccessful shame developer section');
INSERT INTO reviews VALUES ('a6667969-bdea-405c-a671-42f9326abd7f', 2, 8, 'The password is difficult to use', 1, '2026-02-02', 4, 'en', 'negative', 0.7876, FALSE, FALSE, FALSE, 'General Positive Feedback', 0.6806, 'Google Play', 'password difficult');
INSERT INTO reviews VALUES ('5aa92103-c0b4-40c6-8485-a6aba1114a08', 2, 2, 'what an app !!!!', 5, '2026-02-02', 1, 'en', 'positive', 0.8119, FALSE, FALSE, FALSE, 'Dashen Super App Feedback', 1.0, 'Google Play', '');
INSERT INTO reviews VALUES ('fab36a61-94a6-4221-bbd0-ec9755e6e978', 2, 1, 'it was good but now the new app not compatable to my device how can i fix', 5, '2026-02-02', 3, 'en', 'negative', 0.6875, FALSE, FALSE, FALSE, 'General Banking Experience', 1.0, 'Google Play', 'compatable device fix');
INSERT INTO reviews VALUES ('10dfcb63-c3b2-4df2-9612-5348b38f77cc', 2, 3, 'it is not fhain', 2, '2026-02-02', 1, 'en', 'neutral', 0.6136, TRUE, FALSE, FALSE, 'Speed and Convenience', 0.5732, 'Google Play', 'fhain');
INSERT INTO reviews VALUES ('9c8aa520-be89-4750-806b-ea6aea67d39b', 2, 8, 'please improve the keyboard in the app it not responding', 3, '2026-02-02', 1, 'en', 'negative', 0.778, FALSE, FALSE, FALSE, 'General Positive Feedback', 0.7763, 'Google Play', 'improve keyboard respond');
INSERT INTO reviews VALUES ('6c1854b9-4938-4726-8996-64181013be03', 2, 1, 'the new Update is so weak display.', 2, '2026-02-02', 0, 'en', 'negative', 0.9297, FALSE, FALSE, FALSE, 'General Banking Experience', 0.9968, 'Google Play', 'update weak display');
INSERT INTO reviews VALUES ('8b513c75-2885-44aa-b1f8-df89a33028f8', 2, -1, 'Cool', 5, '2026-02-02', 0, 'en', 'positive', 0.6349, TRUE, TRUE, FALSE, 'Uncategorized', NULL, 'Google Play', 'cool');
INSERT INTO reviews VALUES ('d177384f-14cc-45e5-ae89-9a8d9ed3dd35', 2, 8, 'the update is killing me what''s with the pin numbers?', 1, '2026-02-02', 0, 'en', 'negative', 0.9406, FALSE, FALSE, FALSE, 'General Positive Feedback', 1.0, 'Google Play', 'update kill pin number');
INSERT INTO reviews VALUES ('79f43c14-2186-40b2-98af-ee1e97c9dbcc', 2, -1, 'best 👌', 5, '2026-02-02', 0, 'de', '', NULL, FALSE, TRUE, FALSE, '', NULL, 'Google Play', '');
INSERT INTO reviews VALUES ('1e48ee37-3e93-45fa-b04a-4faa0d943f13', 2, 8, 'not good after recent update. the keybord layout does not display all numerical symbols. for this reason, I can''t use the app.', 2, '2026-02-02', 15, 'en', 'negative', 0.908, FALSE, FALSE, FALSE, 'General Positive Feedback', 0.7763, 'Google Play', 'recent update keybord layout display numerical symbol reason');
INSERT INTO reviews VALUES ('16dea464-9d5d-4ba1-9daf-6be0f1a9fd88', 1, 5, 'the most doagusting app from ethiopian banking especially on weekdenda🤮🤮🤮🤮🤮🤮🤮', 1, '2026-02-02', 0, 'en', 'negative', 0.9609, FALSE, FALSE, FALSE, 'Amharic Reviews', 1.0, 'Google Play', 'doagusting ethiopian especially weekdenda');
INSERT INTO reviews VALUES ('5ff22eee-768d-45c9-b3be-71351ec24ed1', 2, 1, 'After your cureent update the app didn''t support my device Samsung S7.', 1, '2026-02-01', 3, 'en', 'negative', 0.8449, FALSE, FALSE, FALSE, 'General Banking Experience', 1.0, 'Google Play', 'cureent update support device samsung');
INSERT INTO reviews VALUES ('9245cf1d-356d-42fe-9e2c-1277305d7858', 2, -1, 'comfortable app', 5, '2026-02-01', 0, 'fr', '', NULL, FALSE, FALSE, FALSE, '', NULL, 'Google Play', '');
INSERT INTO reviews VALUES ('4f8e9346-774f-4c58-962c-acdce2f7d2be', 2, -1, 'its nice', 5, '2026-02-01', 0, 'en', 'positive', 0.8605, FALSE, TRUE, FALSE, 'Uncategorized', NULL, 'Google Play', '');
INSERT INTO reviews VALUES ('016cb53a-24d3-4ab2-bc80-5e36ae71fe7c', 2, 1, 'not compatible with android 8.1', 1, '2026-02-01', 4, 'en', 'negative', 0.7379, FALSE, FALSE, FALSE, 'General Banking Experience', 1.0, 'Google Play', 'compatible android 8.1');
INSERT INTO reviews VALUES ('7e9ac182-78a3-4e66-ac50-236035513ff5', 2, 8, 'Please revert the password inputs. It''s the worst design ever!', 1, '2026-02-01', 0, 'en', 'negative', 0.9492, FALSE, FALSE, FALSE, 'General Positive Feedback', 0.7003, 'Google Play', 'revert password input bad design');
INSERT INTO reviews VALUES ('1f5438ea-ba93-49c9-a1d6-0066d739aa46', 2, 0, 'what does it mean, after you change your phone you must go to cbe branch and deal with those stupid employees. make an easy way of using it the way you are by linking with SIM', 2, '2026-02-01', 1, 'en', 'negative', 0.7902, FALSE, FALSE, FALSE, 'General App Complaints', 0.6898, 'Google Play', 'mean change phone branch deal stupid employee easy way way link sim');
INSERT INTO reviews VALUES ('4275d07a-f0f3-4034-8ee6-83e600707a37', 3, 10, 'The most unreliable, frustrating and worst app I have ever used! imagine being in a restaurant and trying paying bills, but not processing! It is the time you will deeply understand what reliability means.', 1, '2026-02-01', 12, 'en', 'negative', 0.9381, FALSE, FALSE, FALSE, 'Amharic Complaints', 0.3089, 'Google Play', 'unreliable frustrating bad imagine restaurant try pay bill process deeply understand reliability mean');
INSERT INTO reviews VALUES ('20309f7f-db6b-49b2-92c4-07edae1f8db5', 1, -1, 'good but the user interface and animations need some upgrade', 4, '2026-01-31', 3, 'en', 'positive', 0.5821, TRUE, FALSE, FALSE, 'Uncategorized', 0.0, 'Google Play', 'user interface animation upgrade');
INSERT INTO reviews VALUES ('789d341b-7765-4170-9d4e-34213058b999', 2, -1, 'ii like it', 5, '2026-01-31', 0, 'et', '', NULL, FALSE, FALSE, FALSE, '', NULL, 'Google Play', '');
INSERT INTO reviews VALUES ('eec939bd-ba88-41ea-8221-963feabfec93', 2, 0, 'It would have been easier if we see all the transactions recorded per day. Why is it not clear every month transacties ctions', 2, '2026-01-31', 19, 'en', 'neutral', 0.5124, TRUE, FALSE, FALSE, 'General App Complaints', 0.9824, 'Google Play', 'easy transaction record clear transactie ction');
INSERT INTO reviews VALUES ('13071770-c8c6-433e-8b5b-fb756d545a5c', 1, -1, 'wondo mechesa', 5, '2026-01-31', 1, 'nl', '', NULL, FALSE, FALSE, FALSE, '', NULL, 'Google Play', '');
INSERT INTO reviews VALUES ('d88f3388-7425-4955-b241-a7f5a88cb86e', 2, -1, 'best application that makes life easy', 5, '2026-01-31', 0, 'en', 'positive', 0.9746, FALSE, FALSE, FALSE, 'Uncategorized', 0.0, 'Google Play', 'application life easy');
INSERT INTO reviews VALUES ('0923f1c6-533a-48a1-b0a1-f788652fe1bd', 3, -1, 'መልክ ብቻ', 1, '2026-01-31', 1, 'unknown', 'neutral', 0.8076, FALSE, TRUE, FALSE, 'Uncategorized', NULL, 'Google Play', 'መልክ');
INSERT INTO reviews VALUES ('808a61d9-11c3-4b5d-9a0d-4261a044e22d', 2, 1, 'It''s a useless App. It couldn''t synchronise and laggy app.', 1, '2026-01-31', 5, 'en', 'negative', 0.9452, FALSE, FALSE, FALSE, 'General Banking Experience', 0.8262, 'Google Play', 'useless synchronise laggy');
INSERT INTO reviews VALUES ('05aa9561-a9cd-46e7-8657-5f07486c9bf5', 2, 1, 'your new update doesn''t work for me, it says "your device isn''t compatible with this version." you have to fix this problem.', 1, '2026-01-31', 1, 'en', 'negative', 0.921, FALSE, FALSE, FALSE, 'General Banking Experience', 0.7995, 'Google Play', 'update work say device compatible version fix problem');
INSERT INTO reviews VALUES ('56c64a23-2cfa-472f-a57a-5bc56cfc0c23', 3, -1, 'Disgusting! You can''t Buy any goods thinking you will transfer from this app. it is so inconsistent, it is not reliable. The so Called Super app is Super slow. Such a shame! 2/10.', 1, '2026-01-31', 6, 'en', 'negative', 0.9464, FALSE, FALSE, FALSE, 'Uncategorized', 0.0, 'Google Play', 'disgusting buy think transfer inconsistent reliable call super super slow shame 2/10');
INSERT INTO reviews VALUES ('4a3b3418-240d-494c-8fa6-04f967df163e', 2, 1, 'I used this app many times, it work well but when I updated it;it is stopped working. what is the reason? what I should do?', 4, '2026-01-31', 16, 'en', 'negative', 0.7233, FALSE, FALSE, FALSE, 'General Banking Experience', 1.0, 'Google Play', 'work update it;it stop work reason');
INSERT INTO reviews VALUES ('77ab666b-9984-4087-82b3-51cdbf0f11d6', 2, 8, 'The way the numbers are arranged to enter the PIN in the new update is unprofessional. Please revert to the previous layout.', 3, '2026-01-31', 10, 'en', 'negative', 0.8479, FALSE, FALSE, FALSE, 'General Positive Feedback', 1.0, 'Google Play', 'way number arrange enter pin update unprofessional revert previous layout');
INSERT INTO reviews VALUES ('8eef8bff-8748-4f39-8d06-f2cdb9e17441', 2, 1, 'it says it''s not compatible with my phone', 1, '2026-01-31', 1, 'en', 'negative', 0.6451, TRUE, FALSE, FALSE, 'General Banking Experience', 0.6499, 'Google Play', 'say compatible phone');
INSERT INTO reviews VALUES ('d9836f4c-aced-4bec-8b31-113b30993921', 2, 1, 'why app isn''t sync', 5, '2026-01-31', 0, 'en', 'negative', 0.6664, FALSE, FALSE, FALSE, 'General Banking Experience', 0.9167, 'Google Play', 'sync');
INSERT INTO reviews VALUES ('06e2e54c-ab84-4645-ba9d-2506c36ed09e', 2, 2, 'it''s nice app but if it was work by free airtime like telebirr it wold be awesome', 4, '2026-01-31', 1, 'en', 'positive', 0.9385, FALSE, FALSE, FALSE, 'Dashen Super App Feedback', 1.0, 'Google Play', 'work free airtime telebirr wold awesome');
INSERT INTO reviews VALUES ('c6aa427e-22fe-4fba-9d6f-4a1cf4e8fa89', 3, 0, 'the amount of times I have gone to the bank to get this thing working is a lot. on top of that, it stops working on a random day which means another bank visit. found it to be unreliable', 1, '2026-01-31', 6, 'en', 'negative', 0.932, FALSE, FALSE, FALSE, 'General App Complaints', 1.0, 'Google Play', 'thing work lot stop work random mean visit find unreliable');
INSERT INTO reviews VALUES ('79bc1baa-fe7d-4279-a2af-fde366ef6a71', 3, 0, 'It is the slowest and most problematic app I have used. The app is often busy and does not open properly. Even when it opens, it fails to display my deposit account balance. I have already updated the app, but the issue is still the same. Dashen, please wake up and fix this.', 1, '2026-01-30', 88, 'en', 'negative', 0.9371, FALSE, FALSE, FALSE, 'General App Complaints', 0.9407, 'Google Play', 'slow problematic busy open properly open fail display deposit account balance update issue wake fix');
INSERT INTO reviews VALUES ('5a143b2a-912f-431b-b98e-98b42332b7f8', 2, -1, 'good wey', 5, '2026-01-30', 0, 'so', '', NULL, FALSE, TRUE, FALSE, '', NULL, 'Google Play', '');
INSERT INTO reviews VALUES ('a3e08517-b07c-404d-a343-b5cae41e77c6', 2, 8, 'The new keyboard is garbage, return the old one', 1, '2026-01-30', 2, 'en', 'negative', 0.9363, FALSE, FALSE, FALSE, 'General Positive Feedback', 0.7763, 'Google Play', 'keyboard garbage return old');
INSERT INTO reviews VALUES ('2f0ec28d-3315-4792-b264-8b848ffe9156', 2, 8, 'The new built in keyboard starts with 0 ???? not professional, please fix it and make it same as the one that appears when we login.', 3, '2026-01-30', 49, 'en', 'negative', 0.9051, FALSE, FALSE, FALSE, 'General Positive Feedback', 0.7763, 'Google Play', 'build keyboard start professional fix appear login');
INSERT INTO reviews VALUES ('3ef0b038-5e2a-4c26-8127-27e85c784769', 2, -1, 'waw', 5, '2026-01-30', 0, 'sw', '', NULL, FALSE, TRUE, FALSE, '', NULL, 'Google Play', '');
INSERT INTO reviews VALUES ('c29279b8-46ae-4d52-b378-34c6a5ee42a6', 2, 1, 'i use this app for long time,but now ,it says this app is no compatible with this device! what shall i do?', 1, '2026-01-30', 3, 'en', 'negative', 0.8579, FALSE, FALSE, FALSE, 'General Banking Experience', 1.0, 'Google Play', 'long say compatible device shall');
INSERT INTO reviews VALUES ('f6a6038d-1cf2-4985-bd61-a67b607620ef', 2, -1, 'It is a good app. Had no problem with it. I do not understand why there is a need to upgrade it since updated this same month.', 5, '2026-01-30', 1, 'en', 'positive', 0.7937, FALSE, FALSE, FALSE, 'Uncategorized', 0.0, 'Google Play', 'problem understand upgrade update');
INSERT INTO reviews VALUES ('5b2dcacc-798a-43a0-b716-82edab3ef841', 2, 0, 'whenever I have tried to update the app. I recived a message saying the the App is not compatable with the phone. so what will be the solution amd how could I use the mobile banking system', 1, '2026-01-30', 0, 'en', 'negative', 0.6093, TRUE, FALSE, FALSE, 'General App Complaints', 1.0, 'Google Play', 'try update recive message say compatable phone solution amd system');
INSERT INTO reviews VALUES ('b1beb21c-ed37-4548-9d76-1c3e466f0d03', 2, -1, 'The recent update wouldn''t let me log in to my mobile bank. The cbe pin keyboard won''t drop down for me to submit the pin, it is an atrocious design.', 2, '2026-01-30', 32, 'en', 'negative', 0.9273, FALSE, FALSE, FALSE, 'Uncategorized', 0.0, 'Google Play', 'recent update let log pin keyboard will drop submit pin atrocious design');
INSERT INTO reviews VALUES ('abe82062-31aa-45e6-a00b-3f0753ff1a6d', 2, 12, 'good application', 5, '2026-01-30', 0, 'en', 'positive', 0.8649, FALSE, FALSE, FALSE, 'application | good | very | amazing', 0.9806, 'Google Play', 'application');
INSERT INTO reviews VALUES ('60563c23-a1ca-4658-aaa9-bfb7c385a658', 2, -1, 'app abdet', 5, '2026-01-30', 0, 'it', '', NULL, FALSE, TRUE, FALSE, '', NULL, 'Google Play', '');
INSERT INTO reviews VALUES ('cd55a1f3-0428-4e4d-a7d0-1742faee616b', 2, 6, 'በጣም ምርጥ አፕልኬሽን ነው ሆኖም ግን ከcbe ወደ ቴሌብርና ወደሌላ ባንክ የሚወስደው ብር መስተካከል አለበት', 5, '2026-01-30', 0, 'unknown', 'neutral', 0.7535, FALSE, FALSE, FALSE, 'Developer Options and Settings', 1.0, 'Google Play', 'በጣም ምርጥ አፕልኬሽን ሆኖም ከcbe ቴሌብርና ወደሌላ ባንክ የሚወስደው መስተካከል አለበት');
INSERT INTO reviews VALUES ('69a0b8c6-cb8b-47c2-9e64-b85ec4ca1742', 2, 1, 'update is wrong this application', 5, '2026-01-30', 1, 'en', 'negative', 0.8441, FALSE, FALSE, FALSE, 'General Banking Experience', 1.0, 'Google Play', 'update wrong application');
INSERT INTO reviews VALUES ('f4291f7c-fc20-497c-b205-551ef1af7c20', 2, 3, 'it was good. but now it was bad', 3, '2026-01-30', 0, 'en', 'negative', 0.8546, FALSE, FALSE, FALSE, 'Speed and Convenience', 0.8861, 'Google Play', 'bad');
INSERT INTO reviews VALUES ('fa2cd548-e13b-4c3e-9a17-5f0b5b3cd8ad', 2, 1, 'a lot of mess when i update', 2, '2026-01-30', 2, 'en', 'negative', 0.7453, FALSE, FALSE, FALSE, 'General Banking Experience', 1.0, 'Google Play', 'lot mess update');
INSERT INTO reviews VALUES ('f0834baf-814d-44c3-a31d-a00e5f02aef7', 3, 0, 'The app is great but please, please do something with the mini statement and the transactions to CBE 🙏🙏🙏', 2, '2026-01-30', 3, 'en', 'positive', 0.6957, FALSE, FALSE, FALSE, 'General App Complaints', 0.6935, 'Google Play', 'mini statement transaction');
INSERT INTO reviews VALUES ('29ddaee8-c756-4c19-b276-e350a5efd1c3', 2, 3, 'the beast and safe way ##!', 5, '2026-01-30', 0, 'en', 'neutral', 0.5158, TRUE, FALSE, FALSE, 'Speed and Convenience', 0.6934, 'Google Play', 'beast safe way');
INSERT INTO reviews VALUES ('1a5fe86e-dab3-4ead-bac4-ad38bb60974f', 2, 0, 'there is no any possibilty on this app even to Look your account Details or to send money to familie? what is going on?', 1, '2026-01-30', 4, 'en', 'negative', 0.8671, FALSE, FALSE, FALSE, 'General App Complaints', 1.0, 'Google Play', 'possibilty look account detail send money familie');
INSERT INTO reviews VALUES ('1c7cd9b2-b724-4f09-aa90-64995a08c5c4', 3, 0, 'This app is so laggy and unreliable, can''t even make transaction to wallet or other bank. I tried to reinstall the app now i can''t even login to the app', 1, '2026-01-30', 1, 'en', 'negative', 0.9256, FALSE, FALSE, FALSE, 'General App Complaints', 1.0, 'Google Play', 'laggy unreliable transaction wallet try reinstall login');
INSERT INTO reviews VALUES ('be72b26a-63e4-439e-a28b-04a8ab07058f', 3, 0, 'please the app is not working properly. fix this problem soon. it''s not loading my balance and not able to transfer fund .', 3, '2026-01-30', 0, 'en', 'negative', 0.9292, FALSE, FALSE, FALSE, 'General App Complaints', 1.0, 'Google Play', 'work properly fix problem soon load balance able transfer fund');
INSERT INTO reviews VALUES ('2d4289d8-89d3-40fc-8503-76e20c96a844', 2, -1, 'its good', 5, '2026-01-30', 0, 'en', 'positive', 0.7962, FALSE, TRUE, FALSE, 'Uncategorized', NULL, 'Google Play', '');
INSERT INTO reviews VALUES ('ac480727-3d8b-401c-b63e-ca22696cd93c', 3, 3, 'It is so boring.....', 1, '2026-01-30', 0, 'en', 'negative', 0.8827, FALSE, FALSE, FALSE, 'Speed and Convenience', 1.0, 'Google Play', 'boring');
INSERT INTO reviews VALUES ('505bfe32-be00-483f-8d32-cecfd517eef5', 3, -1, 'other bank and telebirr didn''t work. Niged Bank is much better', 1, '2026-01-30', 0, 'af', '', NULL, FALSE, FALSE, FALSE, '', NULL, 'Google Play', '');
INSERT INTO reviews VALUES ('35fa3c77-9be1-4263-ad73-d28472b3e1a4', 2, 3, 'best and secure', 5, '2026-01-30', 0, 'en', 'positive', 0.6972, FALSE, FALSE, FALSE, 'Speed and Convenience', 0.6838, 'Google Play', 'secure');
INSERT INTO reviews VALUES ('bb48e1ae-bf76-403e-911a-9f237a2a28e3', 2, 8, 'The recent update UI makes it hard to input passcode in the number pad when authorizing payment. The current implemented keypad is different from the normal accepted keypad number layout. This is fighting with the muscle memory we have to simply input the numbers in the layout we normally know. I ho', 2, '2026-01-30', 146, 'en', 'negative', 0.7589, FALSE, FALSE, FALSE, 'General Positive Feedback', 1.0, 'Google Play', 'recent update hard input passcode number pad authorize payment current implement keypad different normal accept keypad number layout fight muscle memory simply input number layout normally hope fix so');
INSERT INTO reviews VALUES ('93a8876b-6a64-4d58-b6ce-d2543d13c3c4', 2, 8, 'the new keyboard is the most worst in the app', 1, '2026-01-30', 1, 'en', 'negative', 0.9463, FALSE, FALSE, FALSE, 'General Positive Feedback', 0.7763, 'Google Play', 'keyboard bad');
INSERT INTO reviews VALUES ('3da870d0-98d9-473c-ab31-6d2c9cad7f39', 1, 1, 'what is wrong these app ?', 1, '2026-01-30', 0, 'en', 'negative', 0.9073, FALSE, FALSE, FALSE, 'General Banking Experience', 0.726, 'Google Play', 'wrong');
INSERT INTO reviews VALUES ('821c74da-cd3c-4bf6-a02b-3134e8ffadef', 2, -1, 'very easy, helpful and safe for everyday life but it only supports transfer to own wallet doesn''t include transfer to others wallet specially telebirr', 4, '2026-01-30', 37, 'en', 'positive', 0.692, FALSE, FALSE, FALSE, 'Uncategorized', 0.0, 'Google Play', 'easy helpful safe everyday life support transfer wallet include transfer wallet specially telebirr');
INSERT INTO reviews VALUES ('a51fecd7-ae4d-417b-9b16-714fa1ae9234', 3, 1, 'stops working when you need it most.... and its on multiple occasions. and they won''t even fix it right away.', 1, '2026-01-30', 2, 'en', 'negative', 0.9329, FALSE, FALSE, FALSE, 'General Banking Experience', 1.0, 'Google Play', 'stop work multiple occasion will fix right away');
INSERT INTO reviews VALUES ('7e6e5980-53cc-4fad-921a-144df02382d1', 2, 2, 'It''s very nice app', 5, '2026-01-30', 0, 'en', 'positive', 0.9707, FALSE, FALSE, FALSE, 'Dashen Super App Feedback', 0.8962, 'Google Play', '');
INSERT INTO reviews VALUES ('2a46955a-f0a5-4ade-a9da-27544eb2d000', 2, -1, 'A plus', 5, '2026-01-30', 0, 'fr', '', NULL, FALSE, TRUE, FALSE, '', NULL, 'Google Play', '');
INSERT INTO reviews VALUES ('fe24acef-7a2f-44a3-9266-5949be2737e1', 3, -1, 'ስንፈልገው ካልሰራ ምንድነው ጥቅሙ እንዴት አንድ በስርዓት የሚሰራ app መስራት ያቅታችኋል👎👎👎👎', 1, '2026-01-29', 1, 'unknown', 'neutral', 0.737, FALSE, FALSE, FALSE, 'Uncategorized', 0.0, 'Google Play', 'ስንፈልገው ካልሰራ ምንድነው ጥቅሙ እንዴት አንድ በስርዓት የሚሰራ መስራት ያቅታችኋል');
INSERT INTO reviews VALUES ('982f94f2-ea34-4bad-b51b-c9509d8d927c', 2, -1, 'it is nice app. but don''t ask update evry time when I want to use it.', 5, '2026-01-29', 1, 'en', 'negative', 0.4846, TRUE, FALSE, FALSE, 'Uncategorized', 0.0, 'Google Play', 'ask update evry');
INSERT INTO reviews VALUES ('c9a8bd45-777a-4ef9-a8c4-65349d25dcc6', 2, 3, 'so simple and fast we thank you CBE', 5, '2026-01-29', 0, 'en', 'positive', 0.977, FALSE, FALSE, FALSE, 'Speed and Convenience', 1.0, 'Google Play', 'simple fast');
INSERT INTO reviews VALUES ('e6882f24-3a49-48de-9396-b640949b2ff4', 3, 2, 'yes it''s the best app', 5, '2026-01-29', 0, 'en', 'positive', 0.9851, FALSE, FALSE, FALSE, 'Dashen Super App Feedback', 0.8882, 'Google Play', 'yes');
INSERT INTO reviews VALUES ('8796e6a2-88a5-4368-a4b7-bff75f94b91b', 2, 3, 'i think become nice', 5, '2026-01-29', 0, 'en', 'neutral', 0.4801, TRUE, FALSE, FALSE, 'Speed and Convenience', 0.8359, 'Google Play', 'think');
INSERT INTO reviews VALUES ('d97e7c0d-1d6f-4cc9-afea-4bde306c58a4', 2, 8, 'The number button on the new update is not convenient.', 1, '2026-01-29', 0, 'en', 'negative', 0.8606, FALSE, FALSE, FALSE, 'General Positive Feedback', 1.0, 'Google Play', 'number button update convenient');
INSERT INTO reviews VALUES ('d878cfcc-0d02-4fd0-a820-b8643d14ff1c', 2, 3, 'Thanks For Good Reliablity', 5, '2026-01-29', 0, 'en', 'positive', 0.9356, FALSE, FALSE, FALSE, 'Speed and Convenience', 0.7876, 'Google Play', 'reliablity');
INSERT INTO reviews VALUES ('6234586c-be07-4729-b90d-006f69a665d4', 2, 8, 'brings nw pin writing slide and says wrong password what is the problem', 5, '2026-01-29', 0, 'en', 'negative', 0.7904, FALSE, FALSE, FALSE, 'General Positive Feedback', 1.0, 'Google Play', 'bring pin write slide say wrong password problem');
INSERT INTO reviews VALUES ('c45b1304-9491-4fb8-8df1-66eec9cdcd42', 2, 2, 'wow really amazing app', 5, '2026-01-29', 0, 'en', 'positive', 0.9625, FALSE, FALSE, FALSE, 'Dashen Super App Feedback', 1.0, 'Google Play', 'wow amazing');
INSERT INTO reviews VALUES ('17917129-79c7-42c0-afff-665f70c648af', 3, 1, 'please improve the app function on its not working properly', 3, '2026-01-29', 0, 'en', 'negative', 0.8627, FALSE, FALSE, FALSE, 'General Banking Experience', 1.0, 'Google Play', 'improve function work properly');
INSERT INTO reviews VALUES ('efbd9ce2-4ede-4b41-9dec-d1e0bc03b3df', 2, 3, 'been using for long, one of the EASIEST', 5, '2026-01-29', 1, 'en', 'positive', 0.9738, FALSE, FALSE, FALSE, 'Speed and Convenience', 1.0, 'Google Play', 'long easy');
INSERT INTO reviews VALUES ('9b65edcc-36be-41b2-9752-fdf76f5b8c3e', 2, 14, 'ኧረ አልሰራልኝም', 5, '2026-01-29', 1, 'unknown', 'neutral', 0.7788, FALSE, FALSE, FALSE, 'አይሰራም | በጣም | ለምንድነው | መሆንሁ', 1.0, 'Google Play', 'አልሰራልኝም');
INSERT INTO reviews VALUES ('cffc2ee0-4d6d-4c3e-b530-0d24981fcb64', 2, -1, 'very poor app, please make it better. this should be national pride not embarrassment', 1, '2026-01-29', 0, 'en', 'negative', 0.9223, FALSE, FALSE, FALSE, 'Uncategorized', 0.0, 'Google Play', 'poor well national pride embarrassment');
INSERT INTO reviews VALUES ('ec0f1548-316f-4522-b5e0-04324d1a6327', 2, 3, 'it is good but some future like Standing order must be performed well, unless update without additional future is meaningless', 4, '2026-01-29', 2, 'en', 'positive', 0.5382, TRUE, FALSE, FALSE, 'Speed and Convenience', 0.6081, 'Google Play', 'future standing order perform update additional future meaningless');
INSERT INTO reviews VALUES ('d65e6bdb-7351-4f9d-a502-ecc9afbd537d', 2, 8, 'The new update is absolutely disgusting. Why change a perfectly fine UI? Why on earth did you make the orientation of the pin input so that 0 comes before 1?', 2, '2026-01-29', 19, 'en', 'negative', 0.9435, FALSE, FALSE, FALSE, 'General Positive Feedback', 1.0, 'Google Play', 'update absolutely disgusting change perfectly fine earth orientation pin input come');
INSERT INTO reviews VALUES ('3a7d080d-21b7-47e2-9e38-c2a237f784a7', 2, 3, 'long time with c''b''r I am very happy', 5, '2026-01-29', 0, 'en', 'positive', 0.982, FALSE, FALSE, FALSE, 'Speed and Convenience', 0.8985, 'Google Play', 'long c''b''r happy');
INSERT INTO reviews VALUES ('d47fdf32-4307-47f9-a4a3-0d479f91b108', 2, 11, 'CBE is the best one in Ethiopian mobile baknking app . i''m happy with CBE thank you 100% .', 5, '2026-01-29', 2, 'en', 'positive', 0.9882, FALSE, FALSE, FALSE, 'cbe | app | the | is', 1.0, 'Google Play', 'ethiopian baknking happy 100');
INSERT INTO reviews VALUES ('819ff387-eeb9-4460-a500-e70225fa27e1', 2, 3, 'very good experience', 5, '2026-01-28', 0, 'en', 'positive', 0.9624, FALSE, FALSE, FALSE, 'Speed and Convenience', 0.9109, 'Google Play', 'experience');
INSERT INTO reviews VALUES ('2cdc2ba9-1b43-4689-a1df-6400bec914cd', 2, 1, 'why did it stop working after the latest update?', 1, '2026-01-28', 9, 'en', 'negative', 0.5492, TRUE, FALSE, FALSE, 'General Banking Experience', 1.0, 'Google Play', 'stop work late update');
INSERT INTO reviews VALUES ('34d16225-7948-442d-a97b-73abec874c82', 2, -1, 'excellent', 5, '2026-01-28', 0, 'ca', '', NULL, FALSE, TRUE, FALSE, '', NULL, 'Google Play', '');
INSERT INTO reviews VALUES ('f2fb1510-3606-40b3-801a-c629026c9074', 2, 4, 'It still needs more and more steps ahead to compare with Dashen Bank Mobile app. It is a super app capable of whatever activity you gonna perform. CBE mobile banking still is on beta version. Dashen super app gives a room for verification if Fayda Id. Please learn from them.', 3, '2026-01-28', 3, 'en', 'neutral', 0.5671, TRUE, FALSE, FALSE, 'Positive General Feedback', 1.0, 'Google Play', 'step ahead compare super capable activity perform beta version super give room verification fayda learn');
INSERT INTO reviews VALUES ('ddfd016d-ca98-49d4-a6b4-2ba247fb6e7d', 2, 1, 'the new update is not good please change back to previous one', 2, '2026-01-28', 3, 'en', 'negative', 0.9482, FALSE, FALSE, FALSE, 'General Banking Experience', 1.0, 'Google Play', 'update change previous');
INSERT INTO reviews VALUES ('b32c6187-b79c-49dc-a370-3bf5d9e93b81', 2, -1, 'Good app but activation is frustrating The app is useful and secure, but having to go to the bank every time I change my phone or reinstall the app is very inconvenient. Activation should be possible online with OTP or ID verification. This process really needs improvement.', 3, '2026-01-28', 61, 'en', 'negative', 0.8193, FALSE, FALSE, FALSE, 'Uncategorized', 0.0, 'Google Play', 'activation frustrate useful secure have change phone reinstall inconvenient activation possible online otp verification process improvement');
INSERT INTO reviews VALUES ('319d4651-4654-4c03-b44f-98d9590e28aa', 2, -1, 'Good job', 5, '2026-01-28', 0, 'so', '', NULL, FALSE, TRUE, FALSE, '', NULL, 'Google Play', '');
INSERT INTO reviews VALUES ('02c597e3-fcb7-4b77-ba17-cc4bda98845c', 2, -1, 'ኮከብነሸ', 5, '2026-01-28', 0, 'unknown', 'neutral', 0.7939, FALSE, TRUE, FALSE, 'Uncategorized', NULL, 'Google Play', 'ኮከብነሸ');
INSERT INTO reviews VALUES ('423879fa-3edc-4c9d-970c-8e6a19219b58', 2, 6, 'በቴሌ ብር እዳ አካውንት ማንቀሳቀስ አለመቻሉ ጥሩ ሆኖ ግን ቢያንስ ገንዘባችን ባንካችን ጋ በመሆኑ ወደ ግል የቴሌብር ዋሌታችን ብር መላክ እንዲቻል ብታደርጉት መልካም ነው እንዲሁም እዳ የሌለብን መሆኑን በአፋጣኝ ሪፖርት በመቀበል አካውንቱ በፍጥነት እንዲከፈትልን ቢደረግ ጥሩ ነው አመሰግናለሁ', 5, '2026-01-28', 3, 'unknown', 'neutral', 0.7455, FALSE, FALSE, FALSE, 'Developer Options and Settings', 0.8188, 'Google Play', 'በቴሌ አካውንት ማንቀሳቀስ አለመቻሉ ቢያንስ ገንዘባችን ባንካችን በመሆኑ የቴሌብር ዋሌታችን መላክ እንዲቻል ብታደርጉት መልካም እንዲሁም የሌለብን መሆኑን በአፋጣኝ ሪፖርት በመቀበል አካውንቱ በፍጥነት እንዲከፈትልን ቢደረግ አመሰግናለሁ');
INSERT INTO reviews VALUES ('4f318852-2e66-4b0d-85d0-6875aaf5ee54', 2, 8, 'Key board is too large', 1, '2026-01-28', 0, 'en', 'neutral', 0.4857, TRUE, FALSE, FALSE, 'General Positive Feedback', 0.7763, 'Google Play', 'key board large');
INSERT INTO reviews VALUES ('3792e081-8c2e-431f-89be-4c7d7ede332e', 2, -1, 'special app', 5, '2026-01-28', 0, 'it', '', NULL, FALSE, FALSE, FALSE, '', NULL, 'Google Play', '');
INSERT INTO reviews VALUES ('6313d880-46cd-4630-8192-981f8eb9536c', 2, -1, 'hard to enter pin!', 1, '2026-01-28', 2, 'no', '', NULL, FALSE, FALSE, FALSE, '', NULL, 'Google Play', '');
INSERT INTO reviews VALUES ('23da0860-d960-41cf-b5a0-df177e5ebac1', 2, 3, 'Unnecessary and time taking processing', 3, '2026-01-28', 0, 'en', 'negative', 0.8003, FALSE, FALSE, FALSE, 'Speed and Convenience', 1.0, 'Google Play', 'unnecessary take processing');
INSERT INTO reviews VALUES ('184fad15-ec75-45a9-a4cc-eec888c9babf', 2, 9, 'the best and trustble bank in the world', 5, '2026-01-28', 0, 'en', 'positive', 0.9398, FALSE, FALSE, FALSE, 'CBE Specific Feedback', 1.0, 'Google Play', 'trustble world');
INSERT INTO reviews VALUES ('f8f9ec99-ef80-4ac6-8be4-5743e1f6f0ab', 1, 0, 'unsatisfied to your mobile banking application', 5, '2026-01-27', 0, 'en', 'negative', 0.6766, FALSE, FALSE, FALSE, 'General App Complaints', 1.0, 'Google Play', 'unsatisfie application');
INSERT INTO reviews VALUES ('f707fbb0-c3c8-4fc7-acba-21845239e8b9', 2, -1, 'amazing 😍', 5, '2026-01-27', 0, 'sw', '', NULL, FALSE, TRUE, FALSE, '', NULL, 'Google Play', '');
INSERT INTO reviews VALUES ('34eaa2c5-2e62-4014-837c-95508d69228e', 2, 8, 'after update i can''t make tranfer cos of pin type keypad system', 2, '2026-01-27', 10, 'en', 'negative', 0.8059, FALSE, FALSE, FALSE, 'General Positive Feedback', 1.0, 'Google Play', 'update tranfer cos pin type keypad system');
INSERT INTO reviews VALUES ('86fbf00c-ff7f-4773-a3cd-a4c4e240a88b', 2, -1, 'perfect', 5, '2026-01-26', 0, 'ca', '', NULL, FALSE, TRUE, FALSE, '', NULL, 'Google Play', '');
INSERT INTO reviews VALUES ('4ca9efb2-a8af-40a6-91b8-1899645f7582', 1, 0, 'Whenever I want to see my balance, the app says “no” and logs me out. Looks like the developer doesn’t want customers to know the truth 😄! This app really protects my money. It logs me out before I can even see my balance. 👉 Honestly, this app doesn’t reflect the quality of Bank of Abyssinia.', 3, '2026-01-26', 15, 'en', 'negative', 0.8736, FALSE, FALSE, FALSE, 'General App Complaints', 0.887, 'Google Play', 'balance say log look developer customer truth protect money log balance honestly reflect quality abyssinia');
INSERT INTO reviews VALUES ('7f07659b-9865-4641-9f55-d64937281591', 2, -1, 'በጣም ምርጥ', 5, '2026-01-25', 0, 'unknown', 'neutral', 0.8006, FALSE, TRUE, FALSE, 'Uncategorized', NULL, 'Google Play', 'በጣም ምርጥ');
INSERT INTO reviews VALUES ('71d207ea-ad18-4a76-a093-a890e82b454c', 1, 13, 'BoA Mobile is boring, imagine if you install it to your phone it crash when once used and require reinstall. I downloaded ten times but it still crashing.', 1, '2026-01-25', 4, 'en', 'negative', 0.9391, FALSE, FALSE, FALSE, 'boa | this | app | with', 1.0, 'Google Play', 'boring imagine install phone crash require reinstall download crash');
INSERT INTO reviews VALUES ('7c0bf07b-ab0b-43a5-a85d-f659626f791c', 2, 2, 'the app is public scam app the fee. even though the interface looks like a childish interface that don''t macth with this generation. if my grandfather saw this he would choose nokia''s interface.100% for sure', 1, '2026-01-25', 0, 'en', 'negative', 0.9002, FALSE, FALSE, FALSE, 'Dashen Super App Feedback', 0.5949, 'Google Play', 'public scam fee interface look childish interface macth generation grandfather see choose nokia interface.100 sure');
INSERT INTO reviews VALUES ('c4185256-dbc9-4fdd-b625-889231aa990d', 2, -1, 'leboch birachinn zmblachu atukrotu', 1, '2026-01-25', 0, 'sk', '', NULL, FALSE, FALSE, FALSE, '', NULL, 'Google Play', '');
INSERT INTO reviews VALUES ('2909bc94-fdc0-4c24-9d9a-152e5ce72d7f', 3, 8, 'the new update asks for a pin again & again its annoying fix it', 1, '2026-01-24', 1, 'en', 'negative', 0.9099, FALSE, FALSE, FALSE, 'General Positive Feedback', 1.0, 'Google Play', 'update ask pin annoying fix');
INSERT INTO reviews VALUES ('218c054c-90a7-428b-807d-115777d54529', 2, 1, 'Unable to work', 5, '2026-01-24', 0, 'en', 'negative', 0.7872, FALSE, FALSE, FALSE, 'General Banking Experience', 1.0, 'Google Play', 'unable work');
INSERT INTO reviews VALUES ('783ae780-ffff-4085-9730-09fa060fa065', 1, -1, 'እሽቱ', 5, '2026-01-24', 0, 'unknown', 'neutral', 0.7701, FALSE, TRUE, FALSE, 'Uncategorized', NULL, 'Google Play', 'እሽቱ');
INSERT INTO reviews VALUES ('7e6b0461-96d9-4ac7-964b-6a814d73b738', 3, 4, 'my dashen is really proud', 5, '2026-01-24', 0, 'en', 'positive', 0.964, FALSE, FALSE, FALSE, 'Positive General Feedback', 1.0, 'Google Play', 'proud');
INSERT INTO reviews VALUES ('4c8f5859-cf60-422a-be30-863ba8bf565c', 1, -1, 'very clumsy application. it sucks alot.', 1, '2026-01-23', 0, 'en', 'negative', 0.9464, FALSE, FALSE, FALSE, 'Uncategorized', 0.0, 'Google Play', 'clumsy application suck alot');
INSERT INTO reviews VALUES ('7b7c29a3-5655-4c92-9f31-65a49b72a971', 2, 8, 'Excellent..on last pin steps if you can change it Numbers arrangements, Start from 1 not zero "0"', 5, '2026-01-23', 16, 'en', 'positive', 0.7823, FALSE, FALSE, FALSE, 'General Positive Feedback', 1.0, 'Google Play', 'excellent pin step change number arrangement start zero');
INSERT INTO reviews VALUES ('1c8f493e-2017-4365-9f1d-8f886b0e9fb9', 2, 3, 'good exprerience', 5, '2026-01-23', 0, 'en', 'positive', 0.6968, FALSE, FALSE, FALSE, 'Speed and Convenience', 0.8934, 'Google Play', 'exprerience');
INSERT INTO reviews VALUES ('01b40e80-06fd-4310-8177-32e8e8e5562b', 2, 3, 'not fast like awash', 3, '2026-01-23', 0, 'en', 'neutral', 0.7171, FALSE, FALSE, FALSE, 'Speed and Convenience', 1.0, 'Google Play', 'fast awash');
INSERT INTO reviews VALUES ('dcf9e453-1fa8-43b1-ac74-ffb3698e6fb3', 1, -1, 'yse good ap', 5, '2026-01-22', 0, 'cy', '', NULL, FALSE, FALSE, FALSE, '', NULL, 'Google Play', '');
INSERT INTO reviews VALUES ('a15ff5a3-ad7a-4327-b1f1-9e7fb56a2dd1', 1, 3, 'so perfect in everything', 5, '2026-01-22', 0, 'en', 'positive', 0.9348, FALSE, FALSE, FALSE, 'Speed and Convenience', 1.0, 'Google Play', 'perfect');
INSERT INTO reviews VALUES ('6b04c7d4-5071-4380-99e7-55647f09b66c', 1, 0, 'the worst Mobile banking app👎👎👎👎', 1, '2026-01-22', 0, 'en', 'negative', 0.9475, FALSE, FALSE, FALSE, 'General App Complaints', 1.0, 'Google Play', 'bad');
INSERT INTO reviews VALUES ('5a873f19-3bc3-43f4-82ef-1445a9b7c83b', 2, 9, 'good cbe bank all ways best', 5, '2026-01-22', 1, 'en', 'positive', 0.9582, FALSE, FALSE, FALSE, 'CBE Specific Feedback', 0.5042, 'Google Play', 'way well');
INSERT INTO reviews VALUES ('ef8ab001-7030-4154-8b54-aae528addff1', 2, 0, 'the worst banking app ever, horriblde interface, lags almost all the time and just isnt user friendly', 1, '2026-01-22', 3, 'en', 'negative', 0.9519, FALSE, FALSE, FALSE, 'General App Complaints', 1.0, 'Google Play', 'bad horriblde interface lag not user friendly');
INSERT INTO reviews VALUES ('26c9da30-77e3-4bab-b4d6-d4fbabe5a342', 2, -1, '👌', 5, '2026-01-22', 0, 'unknown', 'positive', 0.8328, FALSE, TRUE, FALSE, 'Uncategorized', NULL, 'Google Play', '');
INSERT INTO reviews VALUES ('abf9005f-0f4b-4264-a793-674070d3f510', 2, -1, 'v,bad', 5, '2026-01-22', 0, 'cs', '', NULL, FALSE, TRUE, FALSE, '', NULL, 'Google Play', '');
INSERT INTO reviews VALUES ('a5270245-fb9b-4175-85a4-f86cad0b4c10', 2, 3, 'really its very nice', 5, '2026-01-21', 0, 'en', 'positive', 0.9705, FALSE, FALSE, FALSE, 'Speed and Convenience', 1.0, 'Google Play', '');
INSERT INTO reviews VALUES ('77e76356-5985-484d-9623-89520676040b', 2, 9, 'Thank you EBC, a bank that we can use wherever we are, for a genuine, accurate and convenient banking service!', 5, '2026-01-21', 1, 'en', 'positive', 0.9801, FALSE, FALSE, FALSE, 'CBE Specific Feedback', 0.7783, 'Google Play', 'ebc genuine accurate convenient service');
INSERT INTO reviews VALUES ('d76c6d80-d7b6-43a5-af35-dec73fd49470', 2, 14, 'አቦ ምርጥ ናችሁ', 5, '2026-01-21', 0, 'unknown', 'neutral', 0.7968, FALSE, FALSE, FALSE, 'አይሰራም | በጣም | ለምንድነው | መሆንሁ', 1.0, 'Google Play', 'ምርጥ ናችሁ');
INSERT INTO reviews VALUES ('cc45bd4c-7a94-4b35-a263-91d78315bb89', 3, 2, 'the best design speed attractive 😍 i love this app', 5, '2026-01-21', 0, 'en', 'positive', 0.9857, FALSE, FALSE, FALSE, 'Dashen Super App Feedback', 1.0, 'Google Play', 'design speed attractive love');
INSERT INTO reviews VALUES ('c430b46e-114e-45d3-856b-cbf57dc6c90d', 3, 0, 'The user interface and functions are impressive. However, it lags when performing several transactions. It needs attention.', 3, '2026-01-21', 5, 'en', 'negative', 0.6044, TRUE, FALSE, FALSE, 'General App Complaints', 0.7111, 'Google Play', 'user interface function impressive lag perform transaction attention');
INSERT INTO reviews VALUES ('b3dcb6f1-85e3-4762-b16b-c2e5f8e88d38', 2, -1, 'not working', 1, '2026-01-21', 0, 'af', '', NULL, FALSE, FALSE, FALSE, '', NULL, 'Google Play', '');
INSERT INTO reviews VALUES ('e400120b-468d-4459-8f55-df9eba7abae1', 3, -1, 'Good 👍', 5, '2026-01-21', 1, 'so', '', NULL, FALSE, TRUE, FALSE, '', NULL, 'Google Play', '');
INSERT INTO reviews VALUES ('e991aa7f-99b3-4a70-b3b6-bcfa9ab784eb', 2, -1, 'Excellent quality performance. Well done.', 5, '2026-01-21', 0, 'it', '', NULL, FALSE, FALSE, FALSE, '', NULL, 'Google Play', '');
INSERT INTO reviews VALUES ('8e8d5ab2-3507-4dca-8218-a9c6998e6894', 2, -1, 'excellent app', 5, '2026-01-20', 0, 'fr', '', NULL, FALSE, FALSE, FALSE, '', NULL, 'Google Play', '');
